samples,acc,prec,rec,fpr,ngrams
0,1.0,0.0,0.0,0.0,1.0
10,0.55,0.0,0.0,0.0,1.0
30,0.825,1.0,0.5882352941176471,0.0,1.0
70,0.775,1.0,0.47058823529411764,0.0,1.0
150,0.7625,1.0,0.3090909090909091,0.0,1.0
310,0.79375,1.0,0.43103448275862066,0.0,1.0
630,0.853125,1.0,0.5707762557077626,0.0,1.0
1270,0.799,1.0,0.453804347826087,0.0,1.0
2270,0.828,1.0,0.5057471264367817,0.0,1.0
3270,0.848,1.0,0.5594202898550724,0.0,1.0
4270,0.864,1.0,0.6103151862464183,0.0,1.0
5270,0.871,1.0,0.6293103448275862,0.0,1.0
6270,0.862,1.0,0.6145251396648045,0.0,1.0
7270,0.864,1.0,0.6294277929155313,0.0,1.0
8270,0.882,1.0,0.6589595375722543,0.0,1.0
9270,0.873,1.0,0.6432584269662921,0.0,1.0
10270,0.676,1.0,0.325,0.0,1.0
11270,0.518,1.0,0.2607361963190184,0.0,1.0
12270,0.649,1.0,0.4498432601880878,0.0,1.0
13270,0.702,0.9938650306748467,0.5225806451612903,0.005263157894736842,1.0
14270,0.746,1.0,0.5981012658227848,0.0,1.0
15270,0.79,1.0,0.678407350689127,0.0,1.0
16270,0.817,0.9978632478632479,0.7195685670261941,0.002849002849002849,1.0
17270,0.859,1.0,0.7789968652037618,0.0,1.0
18270,0.856,0.9958932238193019,0.773524720893142,0.005361930294906166,1.0
19270,0.889,0.9960707269155207,0.823051948051948,0.005208333333333333,1.0
20270,0.881,0.9924242424242424,0.8200312989045383,0.0110803324099723,1.0
21270,0.892,0.9963503649635036,0.8374233128834356,0.005747126436781609,1.0
22270,0.931,0.996551724137931,0.896124031007752,0.005633802816901409,1.0
23270,0.911,1.0,0.8543371522094927,0.0,1.0
24270,0.933,0.9947089947089947,0.8980891719745223,0.008064516129032258,1.0
25270,0.937,0.993127147766323,0.9073783359497645,0.011019283746556474,1.0
26270,0.926,0.9931972789115646,0.8929663608562691,0.011560693641618497,1.0
27270,0.943,0.9927667269439421,0.9119601328903655,0.010050251256281407,1.0
28270,0.952,0.9964850615114236,0.9249592169657422,0.00516795865633075,1.0
29270,0.946,1.0,0.9157566302652106,0.0,1.0
30270,0.954,0.9918831168831169,0.9371165644171779,0.014367816091954023,1.0
31270,0.955,0.9919093851132686,0.9387442572741195,0.01440922190201729,1.0
32270,0.936,0.9913344887348353,0.9064976228209192,0.013550135501355014,1.0
33270,0.943,0.9910554561717353,0.9141914191419142,0.012690355329949238,1.0
34270,0.949,0.9917218543046358,0.9286821705426357,0.014084507042253521,1.0
35270,0.948,0.9947735191637631,0.9209677419354839,0.007894736842105263,1.0
36270,0.946,0.9868852459016394,0.9290123456790124,0.022727272727272728,1.0
37270,0.954,0.9869494290375204,0.9409020217729394,0.022408963585434174,1.0
38270,0.938,0.9849498327759197,0.9174454828660437,0.025139664804469275,1.0
39270,0.942,0.9895470383275261,0.9161290322580645,0.015789473684210527,1.0
40270,0.968,0.9933884297520661,0.9554848966613673,0.01078167115902965,1.0
41270,0.955,0.9850993377483444,0.9429477020602218,0.024390243902439025,1.0
42270,0.951,0.9812606473594548,0.9381107491856677,0.02849740932642487,1.0
43270,0.957,0.9902439024390244,0.9427244582043344,0.01694915254237288,1.0
44270,0.952,0.9898132427843803,0.9328,0.016,1.0
45270,0.956,0.9800332778702163,0.9484702093397746,0.0316622691292876,1.0
46270,0.94,0.9711538461538461,0.9351851851851852,0.05113636363636364,1.0
47270,0.956,0.9853420195439739,0.9453125,0.025,1.0
48270,0.957,0.978405315614618,0.9515347334410339,0.03412073490813648,1.0
49270,0.949,0.9758454106280193,0.9439252336448598,0.04189944134078212,1.0
50270,0.952,0.9721311475409836,0.9503205128205128,0.04521276595744681,1.0
51270,0.942,0.9796264855687606,0.9261637239165329,0.03183023872679045,1.0
52270,0.952,0.985691573926868,0.9408194233687405,0.026392961876832845,1.0
53270,0.943,0.9697986577181208,0.9367909238249594,0.04699738903394256,1.0
54270,0.951,0.9802631578947368,0.9415481832543444,0.0326975476839237,1.0
55270,0.959,0.9860681114551083,0.9521674140508222,0.027190332326283987,1.0
56270,0.955,0.9692058346839546,0.9583333333333334,0.05053191489361702,1.0
57270,0.958,0.9835255354200988,0.9491255961844197,0.026954177897574125,1.0
58270,0.955,0.9784768211920529,0.9486356340288925,0.034482758620689655,1.0
59270,0.955,0.9839743589743589,0.9460708782742681,0.02849002849002849,1.0
60270,0.948,0.9701986754966887,0.9451612903225807,0.04736842105263158,1.0
61270,0.951,0.9799666110183639,0.9407051282051282,0.031914893617021274,1.0
62270,0.901,0.9745222929936306,0.8805755395683453,0.05245901639344262,1.0
63270,0.86,0.9700680272108844,0.8580024067388689,0.1301775147928994,1.0
64270,0.876,0.9892761394101877,0.8641686182669789,0.0547945205479452,1.0
65270,0.912,0.9841688654353562,0.9075425790754258,0.06741573033707865,1.0
66270,0.922,0.9669876203576341,0.9286657859973579,0.09876543209876543,1.0
67270,0.92,0.9465449804432855,0.9490196078431372,0.17446808510638298,1.0
68270,0.894,0.9579500657030223,0.9078455790784558,0.16243654822335024,1.0
69270,0.913,0.9352617079889807,0.9443671766342142,0.16725978647686832,1.0
70270,0.93,0.9656488549618321,0.9463840399002493,0.13636363636363635,1.0
71270,0.871,0.9477211796246648,0.8870765370138017,0.1921182266009852,1.0
72270,0.895,0.9345509893455098,0.908284023668639,0.13271604938271606,1.0
73270,0.898,0.9505247376311844,0.9018492176386913,0.1111111111111111,1.0
74270,0.877,0.926829268292683,0.890190336749634,0.15141955835962145,1.0
75270,0.906,0.9489655172413793,0.9234899328859061,0.1450980392156863,1.0
76270,0.876,0.9471153846153846,0.8665689149560117,0.10377358490566038,1.0
77270,0.908,0.922824302134647,0.9258649093904449,0.11959287531806616,1.0
78270,0.893,0.9544740973312402,0.8862973760932945,0.09235668789808917,1.0
79270,0.89,0.9166666666666666,0.8913793103448275,0.11190476190476191,1.0
80270,0.882,0.8938848920863309,0.8938848920863309,0.13288288288288289,1.0
81270,0.899,0.9042769857433809,0.891566265060241,0.09362549800796813,1.0
82270,0.936,0.9461966604823747,0.9357798165137615,0.06373626373626373,1.0
83270,0.904,0.8798185941043084,0.9002320185614849,0.09314586994727592,1.0
84270,0.911,0.9344978165938864,0.8788501026694046,0.05847953216374269,1.0
85270,0.907,0.8903061224489796,0.87468671679198,0.07154742096505824,1.0
86270,0.905,0.8932291666666666,0.8639798488664987,0.06799336650082918,1.0
87270,0.918,0.7732793522267206,0.880184331797235,0.07151979565772669,1.0
88270,0.907,0.3435114503816794,0.8653846153846154,0.09071729957805907,1.0
89270,0.895,0.589622641509434,0.8741258741258742,0.10151691948658109,1.0
90270,0.935,0.7808219178082192,0.7755102040816326,0.03751465416178194,1.0
91270,0.931,0.7932692307692307,0.8638743455497382,0.05315203955500618,1.0
92270,0.929,0.738255033557047,0.7746478873239436,0.045454545454545456,1.0
93270,0.922,0.8073394495412844,0.8301886792452831,0.0532994923857868,1.0
94270,0.883,0.9261538461538461,0.7639593908629442,0.039603960396039604,1.0
95270,0.934,0.8405797101449275,0.725,0.02619047619047619,1.0
96270,0.885,0.930921052631579,0.7506631299734748,0.033707865168539325,1.0
97270,0.861,0.9831730769230769,0.756007393715342,0.015250544662309368,1.0
98270,0.913,0.9448275862068966,0.7942028985507247,0.024427480916030534,1.0
99270,0.859,0.9196428571428571,0.7969052224371374,0.07453416149068323,1.0
100270,0.943,0.9629629629629629,0.8739495798319328,0.01866251944012442,1.0
101270,0.932,0.9068825910931174,0.8327137546468402,0.03146374829001368,1.0
102270,0.9,0.9491094147582697,0.8233995584988962,0.03656307129798903,1.0
103270,0.949,0.9162303664921466,0.8333333333333334,0.020253164556962026,1.0
104270,0.888,0.8108108108108109,0.5882352941176471,0.035175879396984924,1.0
105270,0.937,0.9098712446351931,0.8346456692913385,0.028150134048257374,1.0
106270,0.827,0.9651639344262295,0.7511961722488039,0.045576407506702415,1.0
107270,0.937,0.9479166666666666,0.610738255033557,0.005875440658049354,1.0
108270,0.935,0.879746835443038,0.7513513513513513,0.023312883435582823,1.0
109270,0.897,0.9889867841409692,0.8208409506398537,0.011037527593818985,1.0
110270,0.906,0.9691516709511568,0.8213507625272332,0.022181146025878003,1.0
111270,0.89,0.9915254237288136,0.8153310104529616,0.009389671361502348,1.0
112270,0.896,0.985981308411215,0.8115384615384615,0.0125,1.0
113270,0.879,0.9705882352941176,0.7841584158415842,0.024242424242424242,1.0
114270,0.895,0.9675324675324676,0.7582697201017812,0.016474464579901153,1.0
115270,0.852,0.9863945578231292,0.7538994800693241,0.014184397163120567,1.0
116270,0.9,0.9833887043189369,0.7570332480818415,0.008210180623973728,1.0
117270,0.897,0.9750566893424036,0.8237547892720306,0.02301255230125523,1.0
118270,0.915,0.9874213836477987,0.8563636363636363,0.013333333333333334,1.0
119270,0.937,0.9830508474576272,0.8333333333333334,0.007668711656441718,1.0
120270,0.938,0.9750692520775623,0.8691358024691358,0.015126050420168067,1.0
121270,0.919,0.9784366576819407,0.8325688073394495,0.014184397163120567,1.0
122270,0.921,0.9746835443037974,0.7598684210526315,0.008620689655172414,1.0
123270,0.885,0.989517819706499,0.8109965635738832,0.011961722488038277,1.0
124270,0.916,0.9841269841269841,0.7969151670951157,0.008183306055646482,1.0
125270,0.877,0.9956989247311828,0.7928082191780822,0.004807692307692308,1.0
126270,0.873,0.992831541218638,0.6890547263681592,0.0033444816053511705,1.0
127270,0.929,0.9768339768339769,0.7955974842767296,0.008797653958944282,1.0
128270,0.94,0.994475138121547,0.861244019138756,0.003436426116838488,1.0
129270,0.93,0.9808306709265175,0.8274932614555256,0.009538950715421303,1.0
130270,0.868,0.9964285714285714,0.811046511627907,0.00641025641025641,1.0
131270,0.886,0.9983844911147012,0.8454172366621067,0.0037174721189591076,1.0
132270,0.875,0.9873015873015873,0.8416779431664412,0.03065134099616858,1.0
133270,0.854,0.9966722129783694,0.8061911170928667,0.007782101167315175,1.0
134270,0.873,0.9980119284294234,0.7993630573248408,0.002688172043010753,1.0
135270,0.873,0.9968701095461658,0.8359580052493438,0.008403361344537815,1.0
136270,0.781,0.9932088285229203,0.73125,0.02,1.0
137270,0.859,0.9948979591836735,0.8091286307053942,0.010830324909747292,1.0
138270,0.817,0.9947916666666666,0.7609561752988048,0.012145748987854251,1.0
139270,0.858,0.9984732824427481,0.8226415094339623,0.004878048780487805,1.0
140270,0.832,0.9986979166666666,0.8211991434689507,0.015151515151515152,1.0
141270,0.867,0.9974587039390089,0.8569868995633187,0.023809523809523808,1.0
142270,0.908,1.0,0.9026455026455027,0.0,1.0
143270,0.889,0.9987745098039216,0.8810810810810811,0.013333333333333334,1.0
144270,0.863,0.9987228607918263,0.8518518518518519,0.012195121951219513,1.0
145270,0.853,1.0,0.8342728297632469,0.0,1.0
146270,0.876,0.9987421383647799,0.8658669574700109,0.012048192771084338,1.0
147270,0.894,1.0,0.8849077090119435,0.0,1.0
148270,0.9,0.9987623762376238,0.890728476821192,0.010638297872340425,1.0
149270,0.873,1.0,0.8667366211962224,0.0,1.0
150270,0.898,0.9975216852540273,0.8895027624309392,0.021052631578947368,1.0
151270,0.893,1.0,0.8856837606837606,0.0,1.0
152270,0.867,0.9987228607918263,0.8555798687089715,0.011627906976744186,1.0
153270,0.883,0.993455497382199,0.8714121699196326,0.03875968992248062,1.0
154270,0.932,0.9909443725743855,0.9262394195888755,0.04046242774566474,1.0
155270,0.866,0.8853118712273642,0.851063829787234,0.11801242236024845,1.0
156270,0.869,0.9219858156028369,0.85667215815486,0.11195928753180662,1.0
157270,0.868,0.9448275862068966,0.845679012345679,0.09090909090909091,1.0
158270,0.862,0.9155629139072847,0.8640625,0.14166666666666666,1.0
159270,0.897,0.9730639730639731,0.869172932330827,0.04776119402985075,1.0
160270,0.88,0.9768683274021353,0.836890243902439,0.0377906976744186,1.0
161270,0.9,0.9728813559322034,0.8723404255319149,0.04678362573099415,1.0
162270,0.91,0.9860627177700348,0.8734567901234568,0.022727272727272728,1.0
163270,0.893,0.9730639730639731,0.8639760837070254,0.04833836858006042,1.0
164270,0.911,0.9815436241610739,0.8823529411764706,0.032640949554896145,1.0
165270,0.88,0.9431034482758621,0.862776025236593,0.09016393442622951,1.0
166270,0.918,0.991652754590985,0.8852459016393442,0.015197568389057751,1.0
167270,0.899,0.9836065573770492,0.8544303797468354,0.024456521739130436,1.0
168270,0.923,0.9849246231155779,0.8963414634146342,0.02616279069767442,1.0
169270,0.913,0.9769736842105263,0.8905547226386806,0.042042042042042045,1.0
170270,0.918,0.9878472222222222,0.8835403726708074,0.019662921348314606,1.0
171270,0.912,0.9738988580750407,0.8923766816143498,0.04833836858006042,1.0
172270,0.908,0.9895652173913043,0.8687022900763359,0.017391304347826087,1.0
173270,0.92,0.9948717948717949,0.8831562974203339,0.008797653958944282,1.0
174270,0.911,0.9765886287625418,0.8861911987860395,0.04105571847507331,1.0
175270,0.914,0.9850249584026622,0.8849028400597907,0.027190332326283987,1.0
176270,0.908,0.9845890410958904,0.8738601823708206,0.02631578947368421,1.0
177270,0.915,0.9802631578947368,0.890881913303438,0.03625377643504532,1.0
178270,0.885,0.9791304347826087,0.8453453453453453,0.03592814371257485,1.0
179270,0.876,0.9789473684210527,0.8554533508541393,0.058577405857740586,1.0
180270,0.921,0.9830795262267343,0.8938461538461538,0.02857142857142857,1.0
181270,0.93,0.9935379644588045,0.9030837004405287,0.012539184952978056,1.0
182270,0.924,0.9885057471264368,0.8971684053651267,0.02127659574468085,1.0
183270,0.925,0.9983498349834984,0.8910162002945509,0.003115264797507788,1.0
184270,0.903,0.9714285714285714,0.878419452887538,0.049707602339181284,1.0
185270,0.91,0.9730215827338129,0.8782467532467533,0.0390625,1.0
186270,0.919,0.9739413680781759,0.9019607843137255,0.04747774480712166,1.0
187270,0.917,0.9801652892561984,0.8930722891566265,0.03571428571428571,1.0
188270,0.904,0.9683860232945092,0.8831562974203339,0.05571847507331378,1.0
189270,0.912,0.9746192893401016,0.8875192604006163,0.042735042735042736,1.0
190270,0.914,0.9826224328593997,0.8923959827833573,0.036303630363036306,1.0
191270,0.911,0.9766355140186916,0.8944365192582026,0.05016722408026756,1.0
192270,0.9,0.9765840220385675,0.8952020202020202,0.08173076923076923,1.0
193270,0.846,0.950920245398773,0.8355795148247979,0.12403100775193798,1.0
194270,0.928,0.9760479041916168,0.9209039548022598,0.0547945205479452,1.0
195270,0.89,0.9707401032702238,0.8584474885844748,0.04956268221574344,1.0
196270,0.939,0.9804511278195489,0.9314285714285714,0.043333333333333335,1.0
197270,0.926,0.9844632768361582,0.9171052631578948,0.04583333333333333,1.0
198270,0.996,0.9989868287740629,0.9969666329625885,0.09090909090909091,1.0
199270,0.998,1.0,0.9979859013091642,0.0,1.0
200270,0.962,0.9975874547647768,0.9582850521436849,0.014598540145985401,1.0
201270,0.899,0.9945429740791268,0.8825665859564165,0.022988505747126436,1.0
202270,0.927,0.9876543209876543,0.9078014184397163,0.02711864406779661,1.0
203270,0.947,0.9909774436090225,0.93342776203966,0.02040816326530612,1.0
204270,0.867,0.9776357827476039,0.8372093023255814,0.05204460966542751,1.0
205270,0.911,0.9829642248722317,0.8795731707317073,0.029069767441860465,1.0
206270,0.924,0.9802955665024631,0.903177004538578,0.035398230088495575,1.0
207270,0.929,0.9793103448275862,0.9059011164274322,0.032171581769437,1.0
208270,0.929,0.9946380697050938,0.9171817058096415,0.020942408376963352,1.0
209270,0.943,0.9862637362637363,0.938562091503268,0.0425531914893617,1.0
210270,0.942,0.9775784753363229,0.9383070301291249,0.04950495049504951,1.0
211270,0.945,0.9910979228486647,0.9316596931659693,0.02120141342756184,1.0
212270,0.944,0.9823269513991163,0.9381153305203939,0.04152249134948097,1.0
213270,0.946,0.9810495626822158,0.9425770308123249,0.045454545454545456,1.0
214270,0.94,0.9918032786885246,0.9307692307692308,0.02727272727272727,1.0
215270,0.883,0.9744463373083475,0.8486646884272997,0.046012269938650305,1.0
216270,0.914,0.9944521497919556,0.8973717146433041,0.01990049751243781,1.0
217270,0.945,0.9823788546255506,0.9396067415730337,0.041666666666666664,1.0
218270,0.958,0.975,0.9558823529411765,0.03865979381443299,1.0
219270,0.966,0.9778911564625851,0.964765100671141,0.03217821782178218,1.0
220270,0.962,0.9759229534510433,0.9635499207606973,0.04065040650406504,1.0
221270,0.957,0.9790660225442834,0.9529780564263323,0.03591160220994475,1.0
222270,0.97,0.9958448753462604,0.9638069705093834,0.011811023622047244,1.0
223270,0.956,0.9759615384615384,0.9545454545454546,0.04143646408839779,1.0
224270,0.949,0.9792027729636048,0.9354304635761589,0.030303030303030304,1.0
225270,0.959,0.984873949579832,0.948220064724919,0.02356020942408377,1.0
226270,0.964,0.9763912310286678,0.9633943427620633,0.03508771929824561,1.0
227270,0.979,0.9946879150066401,0.9778067885117493,0.017094017094017096,1.0
228270,0.974,0.9761029411764706,0.9761029411764706,0.02850877192982456,1.0
229270,0.971,0.974308300395257,0.9685658153241651,0.026476578411405296,1.0
230270,0.963,0.9772296015180265,0.9537037037037037,0.02608695652173913,1.0
231270,0.961,0.9727272727272728,0.9570661896243292,0.034013605442176874,1.0
232270,0.964,0.9877551020408163,0.9641434262948207,0.03643724696356275,1.0
233270,0.965,0.9695340501792115,0.9677996422182469,0.03854875283446712,1.0
234270,0.967,0.9748653500897666,0.9661921708185054,0.0319634703196347,1.0
235270,0.959,0.9769673704414588,0.9460966542750929,0.025974025974025976,1.0
236270,0.964,0.9840764331210191,0.9596273291925466,0.028089887640449437,1.0
237270,0.967,0.9853801169590644,0.9670014347202296,0.033003300330033,1.0
238270,0.926,0.9734345351043643,0.8952879581151832,0.03278688524590164,1.0
239270,0.951,0.9789983844911146,0.9439252336448598,0.036312849162011177,1.0
240270,0.955,0.9716814159292035,0.9498269896193772,0.037914691943127965,1.0
241270,0.974,0.9874776386404294,0.9667250437828371,0.016317016317016316,1.0
242270,0.972,0.9920382165605095,0.9643962848297214,0.014124293785310734,1.0
243270,0.972,0.9880239520958084,0.9574468085106383,0.012422360248447204,1.0
244270,0.966,0.9884615384615385,0.948339483394834,0.013100436681222707,1.0
245270,0.964,0.9826086956521739,0.9560067681895094,0.02444987775061125,1.0
246270,0.97,0.99375,0.9464285714285714,0.006048387096774193,1.0
247270,0.956,0.9873015873015873,0.9452887537993921,0.023391812865497075,1.0
248270,0.945,0.976890756302521,0.9135559921414538,0.02240325865580448,1.0
249270,0.97,0.9830508474576272,0.9547325102880658,0.01556420233463035,1.0
250270,0.976,0.9854014598540146,0.9712230215827338,0.018018018018018018,1.0
251270,0.969,0.9932546374367622,0.9561688311688312,0.010416666666666666,1.0
252270,0.963,0.9909255898366606,0.9446366782006921,0.011848341232227487,1.0
253270,0.965,0.992818671454219,0.946917808219178,0.009615384615384616,1.0
254270,0.946,0.9911816578483245,0.9198036006546645,0.012853470437017995,1.0
255270,0.969,0.9849906191369606,0.958029197080292,0.017699115044247787,1.0
256270,0.938,0.9925705794947994,0.9213793103448276,0.01818181818181818,1.0
257270,0.97,0.9940119760479041,0.9623188405797102,0.012903225806451613,1.0
258270,0.973,0.9950083194675541,0.9614147909967846,0.007936507936507936,1.0
259270,0.967,0.9957627118644068,0.9591836734693877,0.011320754716981131,1.0
260270,0.968,0.9928263988522238,0.9624478442280946,0.017793594306049824,1.0
261270,0.976,0.9955423476968797,0.9696092619392185,0.009708737864077669,1.0
262270,0.967,0.9972067039106145,0.9583892617449664,0.00784313725490196,1.0
263270,0.968,0.9972714870395635,0.9605781865965834,0.008368200836820083,1.0
264270,0.967,0.9907407407407407,0.9596412556053812,0.01812688821752266,1.0
265270,0.975,0.9911894273127754,0.9726224783861671,0.0196078431372549,1.0
266270,0.951,0.9898550724637681,0.9420689655172414,0.025454545454545455,1.0
267270,0.9635258358662614,0.9925149700598802,0.9553314121037464,0.017064846416382253,1.0
0,1.0,0.0,0.0,0.0,2.0
10,0.55,0.0,0.0,0.0,2.0
30,0.85,1.0,0.6470588235294118,0.0,2.0
70,0.8,1.0,0.5294117647058824,0.0,2.0
150,0.85,1.0,0.5636363636363636,0.0,2.0
310,0.88125,1.0,0.6724137931034483,0.0,2.0
630,0.9203125,1.0,0.7671232876712328,0.0,2.0
1270,0.915,1.0,0.7690217391304348,0.0,2.0
2270,0.946,1.0,0.8448275862068966,0.0,2.0
3270,0.951,1.0,0.8579710144927536,0.0,2.0
4270,0.958,1.0,0.8796561604584527,0.0,2.0
5270,0.972,1.0,0.9195402298850575,0.0,2.0
6270,0.973,1.0,0.9245810055865922,0.0,2.0
7270,0.977,0.9971098265895953,0.9400544959128065,0.001579778830963665,2.0
8270,0.974,1.0,0.9248554913294798,0.0,2.0
9270,0.975,1.0,0.9297752808988764,0.0,2.0
10270,0.745,0.9955947136563876,0.4708333333333333,0.0019230769230769232,2.0
11270,0.64,0.9965986394557823,0.4493865030674847,0.0028735632183908046,2.0
12270,0.716,0.9971910112359551,0.5564263322884012,0.0027624309392265192,2.0
13270,0.766,0.9923469387755102,0.6274193548387097,0.007894736842105263,2.0
14270,0.797,0.9953810623556582,0.6819620253164557,0.005434782608695652,2.0
15270,0.808,0.9935760171306209,0.7105666156202144,0.008645533141210375,2.0
16270,0.831,0.9979253112033195,0.7411402157164869,0.002849002849002849,2.0
17270,0.863,1.0,0.7852664576802508,0.0,2.0
18270,0.87,0.9960079840319361,0.79585326953748,0.005361930294906166,2.0
19270,0.893,0.9980430528375733,0.827922077922078,0.0026041666666666665,2.0
20270,0.888,0.9925233644859813,0.8309859154929577,0.0110803324099723,2.0
21270,0.899,0.9963963963963964,0.848159509202454,0.005747126436781609,2.0
22270,0.913,0.9982142857142857,0.8666666666666667,0.0028169014084507044,2.0
23270,0.916,0.9962335216572504,0.8657937806873978,0.005141388174807198,2.0
24270,0.927,0.9982046678635548,0.8853503184713376,0.002688172043010753,2.0
25270,0.933,0.9965156794425087,0.8979591836734694,0.005509641873278237,2.0
26270,0.924,0.9948630136986302,0.8883792048929664,0.008670520231213872,2.0
27270,0.947,0.9945945945945946,0.9169435215946844,0.007537688442211055,2.0
28270,0.948,0.9964601769911504,0.9184339314845025,0.00516795865633075,2.0
29270,0.949,1.0,0.9204368174726989,0.0,2.0
30270,0.946,0.9933993399339934,0.9233128834355828,0.011494252873563218,2.0
31270,0.952,0.9967159277504105,0.9295558958652373,0.005763688760806916,2.0
32270,0.935,0.9930313588850174,0.9033280507131537,0.01084010840108401,2.0
33270,0.943,0.9963833634719711,0.9092409240924092,0.005076142131979695,2.0
34270,0.95,0.996661101836394,0.9255813953488372,0.005633802816901409,2.0
35270,0.944,0.9982332155477032,0.9112903225806451,0.002631578947368421,2.0
36270,0.94,0.9916387959866221,0.9151234567901234,0.014204545454545454,2.0
37270,0.959,0.9950657894736842,0.9409020217729394,0.008403361344537815,2.0
38270,0.941,0.9965928449744463,0.9112149532710281,0.00558659217877095,2.0
39270,0.948,0.9947735191637631,0.9209677419354839,0.007894736842105263,2.0
40270,0.964,0.9933444259567388,0.9491255961844197,0.01078167115902965,2.0
41270,0.96,0.9949748743718593,0.9413629160063391,0.008130081300813009,2.0
42270,0.963,0.998272884283247,0.9413680781758957,0.0025906735751295338,2.0
43270,0.96,1.0,0.9380804953560371,0.0,2.0
44270,0.956,0.9932088285229203,0.936,0.010666666666666666,2.0
45270,0.966,0.9966159052453468,0.9484702093397746,0.005277044854881266,2.0
46270,0.957,0.9902755267423015,0.9429012345679012,0.017045454545454544,2.0
47270,0.962,0.9983443708609272,0.9421875,0.002777777777777778,2.0
48270,0.963,0.988255033557047,0.9515347334410339,0.01837270341207349,2.0
49270,0.962,0.9967105263157895,0.9439252336448598,0.00558659217877095,2.0
50270,0.962,0.9883333333333333,0.9503205128205128,0.018617021276595744,2.0
51270,0.952,0.9982668977469671,0.9245585874799358,0.002652519893899204,2.0
52270,0.957,0.9951768488745981,0.9393019726858877,0.008797653958944282,2.0
53270,0.952,0.9896729776247849,0.9319286871961102,0.015665796344647518,2.0
54270,0.956,0.9900166389351082,0.9399684044233807,0.01634877384196185,2.0
55270,0.965,0.9937694704049844,0.953662182361734,0.012084592145015106,2.0
56270,0.964,0.9932885906040269,0.9487179487179487,0.010638297872340425,2.0
57270,0.963,0.9933333333333333,0.9475357710651828,0.01078167115902965,2.0
58270,0.963,0.9949324324324325,0.9454253611556982,0.007957559681697613,2.0
59270,0.967,0.9951768488745981,0.9537750385208013,0.008547008547008548,2.0
60270,0.96,0.9882154882154882,0.9467741935483871,0.018421052631578946,2.0
61270,0.959,0.9949066213921901,0.9391025641025641,0.007978723404255319,2.0
62270,0.898,0.9900826446280991,0.8618705035971223,0.019672131147540985,2.0
63270,0.868,0.9874476987447699,0.851985559566787,0.05325443786982249,2.0
64270,0.857,0.9985974754558204,0.8337236533957846,0.00684931506849315,2.0
65270,0.901,0.9945280437756497,0.8844282238442822,0.02247191011235955,2.0
66270,0.94,0.9860529986052998,0.9339498018494056,0.0411522633744856,2.0
67270,0.94,0.9822161422708618,0.938562091503268,0.05531914893617021,2.0
68270,0.905,0.987603305785124,0.8929016189290162,0.04568527918781726,2.0
69270,0.942,0.9824817518248176,0.9360222531293463,0.042704626334519574,2.0
70270,0.956,0.9973753280839895,0.9476309226932669,0.010101010101010102,2.0
71270,0.897,0.9806094182825484,0.8883312421580929,0.06896551724137931,2.0
72270,0.923,0.9761526232114467,0.908284023668639,0.046296296296296294,2.0
73270,0.935,0.9833333333333333,0.9231863442389758,0.037037037037037035,2.0
74270,0.904,0.9819376026272578,0.8755490483162518,0.03470031545741325,2.0
75270,0.931,0.9787535410764873,0.9275167785234899,0.058823529411764705,2.0
76270,0.897,0.9881956155143339,0.8592375366568915,0.0220125786163522,2.0
77270,0.937,0.9689655172413794,0.9258649093904449,0.04580152671755725,2.0
78270,0.907,0.9836867862969005,0.8790087463556852,0.03184713375796178,2.0
79270,0.919,0.9628942486085343,0.8948275862068965,0.047619047619047616,2.0
80270,0.916,0.9645669291338582,0.8812949640287769,0.04054054054054054,2.0
81270,0.923,0.9646799116997793,0.8775100401606426,0.03187250996015936,2.0
82270,0.951,0.9862745098039216,0.9229357798165138,0.015384615384615385,2.0
83270,0.927,0.9543147208121827,0.8723897911832946,0.03163444639718805,2.0
84270,0.927,0.9769585253456221,0.8706365503080082,0.01949317738791423,2.0
85270,0.93,0.9713467048710601,0.849624060150376,0.016638935108153077,2.0
86270,0.936,0.9690140845070423,0.8664987405541562,0.01824212271973466,2.0
87270,0.952,0.9289340101522843,0.8433179723502304,0.017879948914431672,2.0
88270,0.948,0.5,0.5,0.027426160337552744,2.0
89270,0.945,0.8333333333333334,0.7692307692307693,0.025670945157526253,2.0
90270,0.952,0.9380530973451328,0.7210884353741497,0.008206330597889801,2.0
91270,0.962,0.9693251533742331,0.8272251308900523,0.006180469715698393,2.0
92270,0.953,0.9357798165137615,0.7183098591549296,0.008158508158508158,2.0
93270,0.947,0.9206349206349206,0.8207547169811321,0.01903553299492386,2.0
94270,0.9,0.9835526315789473,0.7588832487309645,0.00825082508250825,2.0
95270,0.949,0.957983193277311,0.7125,0.005952380952380952,2.0
96270,0.906,0.9829351535836177,0.7639257294429708,0.008025682182985553,2.0
97270,0.859,0.9926108374384236,0.744916820702403,0.006535947712418301,2.0
98270,0.92,0.9925650557620818,0.7739130434782608,0.0030534351145038168,2.0
99270,0.859,0.9895833333333334,0.7350096711798839,0.008281573498964804,2.0
100270,0.942,0.9933993399339934,0.8431372549019608,0.003110419906687403,2.0
101270,0.924,0.9707317073170731,0.7397769516728625,0.008207934336525308,2.0
102270,0.898,0.9808219178082191,0.7902869757174393,0.012797074954296161,2.0
103270,0.957,0.9771428571428571,0.8142857142857143,0.005063291139240506,2.0
104270,0.901,0.9487179487179487,0.5441176470588235,0.007537688442211055,2.0
105270,0.943,0.9852216748768473,0.7874015748031497,0.004021447721179625,2.0
106270,0.809,0.9932126696832579,0.7001594896331739,0.00804289544235925,2.0
107270,0.934,0.9560439560439561,0.5838926174496645,0.004700352526439483,2.0
108270,0.937,0.9552238805970149,0.6918918918918919,0.007361963190184049,2.0
109270,0.854,0.9854721549636803,0.7440585009140768,0.013245033112582781,2.0
110270,0.873,0.9689265536723164,0.7472766884531591,0.02033271719038817,2.0
111270,0.85,0.9907407407407407,0.7456445993031359,0.009389671361502348,2.0
112270,0.879,0.9950372208436724,0.7711538461538462,0.004166666666666667,2.0
113270,0.881,0.9948717948717949,0.7683168316831683,0.00404040404040404,2.0
114270,0.855,0.9920634920634921,0.6361323155216285,0.0032948929159802307,2.0
115270,0.828,0.9975429975429976,0.7036395147313691,0.002364066193853428,2.0
116270,0.881,0.9892086330935251,0.7033248081841432,0.0049261083743842365,2.0
117270,0.882,0.9809523809523809,0.789272030651341,0.016736401673640166,2.0
118270,0.898,0.9977777777777778,0.8163636363636364,0.0022222222222222222,2.0
119270,0.914,0.9816176470588235,0.7672413793103449,0.007668711656441718,2.0
120270,0.909,0.9937106918238994,0.7802469135802469,0.0033613445378151263,2.0
121270,0.903,0.9941690962099126,0.7821100917431193,0.0035460992907801418,2.0
122270,0.907,0.9906976744186047,0.7006578947368421,0.0028735632183908046,2.0
123270,0.856,1.0,0.7525773195876289,0.0,2.0
124270,0.893,0.9862068965517241,0.7352185089974294,0.006546644844517185,2.0
125270,0.794,1.0,0.6472602739726028,0.0,2.0
126270,0.888,0.9833333333333333,0.7338308457711443,0.008361204013377926,2.0
127270,0.917,0.9835390946502057,0.7515723270440252,0.005865102639296188,2.0
128270,0.937,0.9944289693593314,0.854066985645933,0.003436426116838488,2.0
129270,0.916,1.0,0.7735849056603774,0.0,2.0
130270,0.835,0.9980952380952381,0.7616279069767442,0.003205128205128205,2.0
131270,0.847,0.9965635738831615,0.7934336525307798,0.007434944237918215,2.0
132270,0.805,0.9927536231884058,0.7415426251691475,0.01532567049808429,2.0
133270,0.82,1.0,0.7577388963660835,0.0,2.0
134270,0.86,1.0,0.7770700636942676,0.0,2.0
135270,0.847,1.0,0.7992125984251969,0.0,2.0
136270,0.895,1.0,0.86875,0.0,2.0
137270,0.827,0.9981884057971014,0.7621023513139695,0.0036101083032490976,2.0
138270,0.785,0.9981481481481481,0.7158034528552457,0.004048582995951417,2.0
139270,0.835,1.0,0.7924528301886793,0.0,2.0
140270,0.76,0.9985632183908046,0.7441113490364025,0.015151515151515152,2.0
141270,0.823,1.0,0.8067685589519651,0.0,2.0
142270,0.884,1.0,0.8772486772486773,0.0,2.0
143270,0.822,1.0,0.8075675675675675,0.0,2.0
144270,0.812,1.0,0.7952069716775599,0.0,2.0
145270,0.83,1.0,0.8083427282976324,0.0,2.0
146270,0.838,1.0,0.8233369683751364,0.0,2.0
147270,0.858,1.0,0.8458197611292074,0.0,2.0
148270,0.877,1.0,0.8642384105960265,0.0,2.0
149270,0.824,1.0,0.8153200419727177,0.0,2.0
150270,0.878,1.0,0.8651933701657458,0.0,2.0
151270,0.835,1.0,0.8237179487179487,0.0,2.0
152270,0.823,1.0,0.8063457330415755,0.0,2.0
153270,0.861,0.9986376021798365,0.8415614236509759,0.007751937984496124,2.0
154270,0.897,0.9972527472527473,0.8778718258766627,0.011560693641618497,2.0
155270,0.878,0.9782082324455206,0.781431334622824,0.018633540372670808,2.0
156270,0.854,0.9873150105708245,0.7693574958813838,0.015267175572519083,2.0
157270,0.89,0.9803571428571428,0.8472222222222222,0.03125,2.0
158270,0.887,0.9906890130353817,0.83125,0.013888888888888888,2.0
159270,0.902,0.9964973730297724,0.8556390977443609,0.005970149253731343,2.0
160270,0.899,0.9982046678635548,0.8475609756097561,0.0029069767441860465,2.0
161270,0.903,1.0,0.8525835866261399,0.0,2.0
162270,0.925,1.0,0.8842592592592593,0.0,2.0
163270,0.909,0.9982758620689656,0.8654708520179372,0.0030211480362537764,2.0
164270,0.921,0.9982935153583617,0.8823529411764706,0.002967359050445104,2.0
165270,0.925,0.9964476021314387,0.8848580441640379,0.00546448087431694,2.0
166270,0.922,0.986863711001642,0.8956780923994039,0.0243161094224924,2.0
167270,0.929,0.9964601769911504,0.8908227848101266,0.005434782608695652,2.0
168270,0.934,0.9916666666666667,0.9070121951219512,0.014534883720930232,2.0
169270,0.916,0.986644407345576,0.8860569715142429,0.024024024024024024,2.0
170270,0.923,1.0,0.8804347826086957,0.0,2.0
171270,0.928,0.9901477832512315,0.9013452914798207,0.01812688821752266,2.0
172270,0.918,0.9948186528497409,0.8793893129770992,0.008695652173913044,2.0
173270,0.925,0.9965986394557823,0.8892261001517451,0.005865102639296188,2.0
174270,0.924,0.9915682967959528,0.8922610015174507,0.01466275659824047,2.0
175270,0.915,0.9949152542372881,0.8774289985052317,0.00906344410876133,2.0
176270,0.914,0.9948096885813149,0.8738601823708206,0.008771929824561403,2.0
177270,0.921,0.9983108108108109,0.8834080717488789,0.0030211480362537764,2.0
178270,0.878,0.9909747292418772,0.8243243243243243,0.014970059880239521,2.0
179270,0.885,0.9923780487804879,0.8554533508541393,0.02092050209205021,2.0
180270,0.924,0.9965397923875432,0.8861538461538462,0.005714285714285714,2.0
181270,0.934,1.0,0.9030837004405287,0.0,2.0
182270,0.913,0.9982935153583617,0.8718330849478391,0.00303951367781155,2.0
183270,0.921,1.0,0.8836524300441826,0.0,2.0
184270,0.904,0.99822695035461,0.8556231003039514,0.0029239766081871343,2.0
185270,0.913,0.9981167608286252,0.8603896103896104,0.0026041666666666665,2.0
186270,0.93,1.0,0.8944193061840121,0.0,2.0
187270,0.922,0.9966101694915255,0.8855421686746988,0.005952380952380952,2.0
188270,0.914,0.9965337954939342,0.8725341426403642,0.005865102639296188,2.0
189270,0.916,0.9982363315696648,0.8721109399075501,0.002849002849002849,2.0
190270,0.908,0.991869918699187,0.8751793400286944,0.0165016501650165,2.0
191270,0.904,0.9950900163666121,0.8673323823109843,0.010033444816053512,2.0
192270,0.82,0.9903846153846154,0.7803030303030303,0.028846153846153848,2.0
193270,0.747,0.9959432048681541,0.6617250673854448,0.007751937984496124,2.0
194270,0.832,1.0,0.7627118644067796,0.0,2.0
195270,0.798,0.9934924078091106,0.6971080669710806,0.008746355685131196,2.0
196270,0.841,0.998158379373849,0.7742857142857142,0.0033333333333333335,2.0
197270,0.848,0.9983606557377049,0.8013157894736842,0.004166666666666667,2.0
198270,0.994,0.9989847715736041,0.9949443882709808,0.09090909090909091,2.0
199270,0.998,1.0,0.9979859013091642,0.0,2.0
200270,0.918,1.0,0.9049826187717266,0.0,2.0
201270,0.777,1.0,0.7300242130750605,0.0,2.0
202270,0.856,1.0,0.7957446808510639,0.0,2.0
203270,0.868,0.9982638888888888,0.8144475920679887,0.003401360544217687,2.0
204270,0.819,0.992831541218638,0.7578659370725034,0.01486988847583643,2.0
205270,0.869,0.9981024667931688,0.801829268292683,0.0029069767441860465,2.0
206270,0.876,0.9981447124304267,0.8139183055975794,0.0029498525073746312,2.0
207270,0.886,1.0,0.8181818181818182,0.0,2.0
208270,0.832,1.0,0.792336217552534,0.0,2.0
209270,0.873,0.9984375,0.8352941176470589,0.00425531914893617,2.0
210270,0.867,1.0,0.8091822094691535,0.0,2.0
211270,0.871,1.0,0.8200836820083682,0.0,2.0
212270,0.899,1.0,0.8579465541490858,0.0,2.0
213270,0.894,0.9983606557377049,0.8529411764705882,0.0034965034965034965,2.0
214270,0.885,0.9985007496251874,0.8538461538461538,0.004545454545454545,2.0
215270,0.772,0.9955555555555555,0.6646884272997032,0.006134969325153374,2.0
216270,0.805,1.0,0.7559449311639549,0.0,2.0
217270,0.882,1.0,0.8342696629213483,0.0,2.0
218270,0.907,0.9980806142034548,0.8496732026143791,0.002577319587628866,2.0
219270,0.919,1.0,0.8640939597315436,0.0,2.0
220270,0.915,1.0,0.8652931854199684,0.0,2.0
221270,0.915,0.9981981981981982,0.8683385579937304,0.0027624309392265192,2.0
222270,0.884,1.0,0.8445040214477212,0.0,2.0
223270,0.906,0.9963503649635036,0.8557993730407524,0.0055248618784530384,2.0
224270,0.864,0.9915966386554622,0.7814569536423841,0.010101010101010102,2.0
225270,0.861,1.0,0.7750809061488673,0.0,2.0
226270,0.938,0.9944954128440368,0.9018302828618968,0.007518796992481203,2.0
227270,0.896,0.9984939759036144,0.8655352480417755,0.004273504273504274,2.0
228270,0.9,1.0,0.8161764705882353,0.0,2.0
229270,0.941,0.9977876106194691,0.8860510805500982,0.002036659877800407,2.0
230270,0.93,0.9936974789915967,0.8759259259259259,0.006521739130434782,2.0
231270,0.932,0.9959595959595959,0.8819320214669052,0.0045351473922902496,2.0
232270,0.9,0.9969558599695586,0.8698539176626826,0.008097165991902834,2.0
233270,0.908,0.9936575052854123,0.8407871198568873,0.006802721088435374,2.0
234270,0.92,0.9979338842975206,0.8594306049822064,0.00228310502283105,2.0
235270,0.935,0.9978947368421053,0.8810408921933085,0.0021645021645021645,2.0
236270,0.926,0.9982517482517482,0.8866459627329193,0.0028089887640449437,2.0
237270,0.93,0.9968304278922345,0.9024390243902439,0.006600660066006601,2.0
238270,0.896,0.9957716701902748,0.8219895287958116,0.00468384074941452,2.0
239270,0.924,0.9982394366197183,0.883177570093458,0.002793296089385475,2.0
240270,0.937,0.9961464354527938,0.8944636678200693,0.004739336492890996,2.0
241270,0.927,0.9960159362549801,0.8756567425569177,0.004662004662004662,2.0
242270,0.935,0.9965811965811966,0.9024767801857585,0.005649717514124294,2.0
243270,0.948,1.0,0.8994197292069632,0.0,2.0
244270,0.931,0.9958071278825996,0.8763837638376384,0.004366812227074236,2.0
245270,0.934,0.996219281663516,0.8917089678510999,0.004889975550122249,2.0
246270,0.924,1.0,0.8492063492063492,0.0,2.0
247270,0.886,0.9963503649635036,0.8297872340425532,0.005847953216374269,2.0
248270,0.893,0.9950738916256158,0.793713163064833,0.004073319755600814,2.0
249270,0.942,0.9976744186046511,0.8827160493827161,0.0019455252918287938,2.0
250270,0.934,0.9939516129032258,0.8866906474820144,0.006756756756756757,2.0
251270,0.929,0.9981718464351006,0.8863636363636364,0.0026041666666666665,2.0
252270,0.9,1.0,0.8269896193771626,0.0,2.0
253270,0.861,1.0,0.761986301369863,0.0,2.0
254270,0.841,0.9956140350877193,0.7430441898527005,0.005141388174807198,2.0
255270,0.844,0.992462311557789,0.7208029197080292,0.00663716814159292,2.0
256270,0.858,1.0,0.8041379310344827,0.0,2.0
257270,0.896,1.0,0.8492753623188406,0.0,2.0
258270,0.915,0.9981447124304267,0.864951768488746,0.0026455026455026454,2.0
259270,0.914,0.996937212863706,0.8857142857142857,0.007547169811320755,2.0
260270,0.928,1.0,0.8998609179415855,0.0,2.0
261270,0.921,0.998371335504886,0.8871201157742402,0.003236245954692557,2.0
262270,0.895,1.0,0.8590604026845637,0.0,2.0
263270,0.906,0.9970193740685543,0.8791064388961892,0.008368200836820083,2.0
264270,0.907,0.996551724137931,0.8639760837070254,0.006042296072507553,2.0
265270,0.931,0.9921259842519685,0.9077809798270894,0.016339869281045753,2.0
266270,0.895,0.9920634920634921,0.8620689655172413,0.01818181818181818,2.0
267270,0.9189463019250254,0.9935691318327974,0.8904899135446686,0.013651877133105802,2.0
0,1.0,0.0,0.0,0.0,3.0
10,0.55,0.0,0.0,0.0,3.0
30,0.9,1.0,0.7647058823529411,0.0,3.0
70,0.8125,1.0,0.5588235294117647,0.0,3.0
150,0.85625,1.0,0.5818181818181818,0.0,3.0
310,0.865625,1.0,0.6293103448275862,0.0,3.0
630,0.909375,1.0,0.7351598173515982,0.0,3.0
1270,0.903,1.0,0.7364130434782609,0.0,3.0
2270,0.935,1.0,0.8132183908045977,0.0,3.0
3270,0.944,1.0,0.8376811594202899,0.0,3.0
4270,0.953,1.0,0.8653295128939829,0.0,3.0
5270,0.963,1.0,0.8936781609195402,0.0,3.0
6270,0.968,1.0,0.9106145251396648,0.0,3.0
7270,0.977,0.9971098265895953,0.9400544959128065,0.001579778830963665,3.0
8270,0.972,1.0,0.9190751445086706,0.0,3.0
9270,0.975,1.0,0.9297752808988764,0.0,3.0
10270,0.707,1.0,0.38958333333333334,0.0,3.0
11270,0.562,0.9953703703703703,0.32975460122699385,0.0028735632183908046,3.0
12270,0.651,0.9965635738831615,0.45454545454545453,0.0027624309392265192,3.0
13270,0.688,0.9935897435897436,0.5,0.005263157894736842,3.0
14270,0.722,0.9971910112359551,0.5617088607594937,0.002717391304347826,3.0
15270,0.741,0.9974747474747475,0.6049004594180705,0.002881844380403458,3.0
16270,0.749,0.9975,0.6147919876733436,0.002849002849002849,3.0
17270,0.796,1.0,0.6802507836990596,0.0,3.0
18270,0.802,1.0,0.6842105263157895,0.0,3.0
19270,0.827,1.0,0.7191558441558441,0.0,3.0
20270,0.828,0.9936575052854123,0.7355242566510172,0.008310249307479225,3.0
21270,0.825,1.0,0.7315950920245399,0.0,3.0
22270,0.869,1.0,0.7968992248062016,0.0,3.0
23270,0.866,1.0,0.7806873977086743,0.0,3.0
24270,0.881,0.9980430528375733,0.8121019108280255,0.002688172043010753,3.0
25270,0.884,0.9943074003795066,0.8226059654631083,0.008264462809917356,3.0
26270,0.862,0.9980694980694981,0.790519877675841,0.002890173410404624,3.0
27270,0.908,0.998046875,0.8488372093023255,0.002512562814070352,3.0
28270,0.913,1.0,0.8580750407830342,0.0,3.0
29270,0.913,1.0,0.8642745709828393,0.0,3.0
30270,0.913,0.9964850615114236,0.8696319018404908,0.005747126436781609,3.0
31270,0.93,0.9965928449744463,0.8958652373660031,0.005763688760806916,3.0
32270,0.913,0.9981684981684982,0.8637083993660856,0.0027100271002710027,3.0
33270,0.921,0.998109640831758,0.8712871287128713,0.0025380710659898475,3.0
34270,0.937,1.0,0.9023255813953488,0.0,3.0
35270,0.928,1.0,0.8838709677419355,0.0,3.0
36270,0.915,0.9929947460595446,0.875,0.011363636363636364,3.0
37270,0.93,0.9965337954939342,0.8942457231726283,0.0056022408963585435,3.0
38270,0.926,0.9965034965034965,0.8878504672897196,0.00558659217877095,3.0
39270,0.933,0.9946332737030411,0.896774193548387,0.007894736842105263,3.0
40270,0.95,0.9965694682675815,0.9236883942766295,0.005390835579514825,3.0
41270,0.942,0.9965337954939342,0.9112519809825673,0.005420054200542005,3.0
42270,0.95,0.9982332155477032,0.9201954397394136,0.0025906735751295338,3.0
43270,0.95,0.9983277591973244,0.9241486068111455,0.002824858757062147,3.0
44270,0.949,0.9965397923875432,0.9216,0.005333333333333333,3.0
45270,0.951,0.9965277777777778,0.9243156199677939,0.005277044854881266,3.0
46270,0.946,0.9917218543046358,0.9243827160493827,0.014204545454545454,3.0
47270,0.949,0.9966273187183811,0.9234375,0.005555555555555556,3.0
48270,0.963,0.9948979591836735,0.9450726978998385,0.007874015748031496,3.0
49270,0.958,1.0,0.9345794392523364,0.0,3.0
50270,0.953,0.9898132427843803,0.9342948717948718,0.015957446808510637,3.0
51270,0.941,0.9982332155477032,0.9069020866773676,0.002652519893899204,3.0
52270,0.953,0.9967532467532467,0.9317147192716236,0.005865102639296188,3.0
53270,0.947,0.993006993006993,0.9205834683954619,0.010443864229765013,3.0
54270,0.95,0.9949066213921901,0.9257503949447078,0.008174386920980926,3.0
55270,0.956,0.9952456418383518,0.9387144992526159,0.00906344410876133,3.0
56270,0.957,0.9932088285229203,0.9375,0.010638297872340425,3.0
57270,0.955,0.9949152542372881,0.9332273449920508,0.008086253369272238,3.0
58270,0.956,0.9881956155143339,0.9406099518459069,0.01856763925729443,3.0
59270,0.962,0.9967479674796748,0.9445300462249615,0.005698005698005698,3.0
60270,0.957,0.9898132427843803,0.9403225806451613,0.015789473684210527,3.0
61270,0.951,0.9965457685664939,0.9246794871794872,0.005319148936170213,3.0
62270,0.897,0.9933333333333333,0.8575539568345324,0.013114754098360656,3.0
63270,0.854,0.9885877318116976,0.8339350180505415,0.047337278106508875,3.0
64270,0.85,0.9985835694050992,0.8255269320843092,0.00684931506849315,3.0
65270,0.868,0.9928571428571429,0.8454987834549879,0.028089887640449437,3.0
66270,0.937,0.9873595505617978,0.9286657859973579,0.037037037037037035,3.0
67270,0.938,0.9848275862068966,0.9333333333333333,0.04680851063829787,3.0
68270,0.893,0.9943181818181818,0.8717310087173101,0.02030456852791878,3.0
69270,0.935,0.9823008849557522,0.9262865090403338,0.042704626334519574,3.0
70270,0.938,0.9959785522788204,0.92643391521197,0.015151515151515152,3.0
71270,0.889,0.9830985915492958,0.875784190715182,0.059113300492610835,3.0
72270,0.923,0.9776714513556619,0.9068047337278107,0.043209876543209874,3.0
73270,0.926,0.9845916795069337,0.9089615931721194,0.03367003367003367,3.0
74270,0.893,0.978405315614618,0.862371888726208,0.04100946372239748,3.0
75270,0.908,0.9851411589895989,0.8899328859060402,0.0392156862745098,3.0
76270,0.898,0.9915254237288136,0.8577712609970675,0.015723270440251572,3.0
77270,0.935,0.9804964539007093,0.9110378912685337,0.027989821882951654,3.0
78270,0.904,0.9851973684210527,0.8731778425655977,0.028662420382165606,3.0
79270,0.909,0.9710982658959537,0.8689655172413793,0.03571428571428571,3.0
80270,0.926,0.982,0.8830935251798561,0.02027027027027027,3.0
81270,0.924,0.9752252252252253,0.8694779116465864,0.021912350597609563,3.0
82270,0.94,0.9859719438877755,0.9027522935779817,0.015384615384615385,3.0
83270,0.919,0.9755434782608695,0.8329466357308585,0.015817223198594025,3.0
84270,0.927,0.9859154929577465,0.8624229979466119,0.011695906432748537,3.0
85270,0.927,0.9822485207100592,0.8320802005012531,0.009983361064891847,3.0
86270,0.919,0.9817073170731707,0.8110831234256927,0.009950248756218905,3.0
87270,0.94,0.9243243243243243,0.7880184331797235,0.017879948914431672,3.0
88270,0.949,0.5151515151515151,0.3269230769230769,0.016877637130801686,3.0
89270,0.944,0.8918918918918919,0.6923076923076923,0.014002333722287048,3.0
90270,0.939,0.9387755102040817,0.6258503401360545,0.007033997655334115,3.0
91270,0.946,0.9790209790209791,0.7329842931937173,0.003708281829419036,3.0
92270,0.938,0.9651162790697675,0.5845070422535211,0.0034965034965034965,3.0
93270,0.938,0.96875,0.7311320754716981,0.006345177664974619,3.0
94270,0.876,0.9856115107913669,0.6954314720812182,0.006600660066006601,3.0
95270,0.93,0.9591836734693877,0.5875,0.004761904761904762,3.0
96270,0.853,0.9956896551724138,0.6127320954907162,0.0016051364365971107,3.0
97270,0.816,0.9972144846796658,0.6617375231053605,0.002178649237472767,3.0
98270,0.875,1.0,0.6376811594202898,0.0,3.0
99270,0.813,0.9969879518072289,0.6402321083172147,0.002070393374741201,3.0
100270,0.916,0.9963636363636363,0.7675070028011205,0.0015552099533437014,3.0
101270,0.896,0.9824561403508771,0.6245353159851301,0.004103967168262654,3.0
102270,0.836,0.9965635738831615,0.6401766004415012,0.0018281535648994515,3.0
103270,0.925,0.9856115107913669,0.6523809523809524,0.002531645569620253,3.0
104270,0.87,0.9743589743589743,0.37254901960784315,0.002512562814070352,3.0
105270,0.896,0.9807692307692307,0.6023622047244095,0.004021447721179625,3.0
106270,0.721,1.0,0.5550239234449761,0.0,3.0
107270,0.915,0.9848484848484849,0.436241610738255,0.0011750881316098707,3.0
108270,0.911,0.9528301886792453,0.5459459459459459,0.006134969325153374,3.0
109270,0.785,0.9797687861271677,0.6197440585009141,0.01545253863134658,3.0
110270,0.813,0.9755244755244755,0.6078431372549019,0.012939001848428836,3.0
111270,0.759,0.9882697947214076,0.5871080139372822,0.009389671361502348,3.0
112270,0.816,0.9970414201183432,0.6480769230769231,0.0020833333333333333,3.0
113270,0.79,1.0,0.5841584158415841,0.0,3.0
114270,0.785,0.9944444444444445,0.455470737913486,0.0016474464579901153,3.0
115270,0.701,1.0,0.48180242634315423,0.0,3.0
116270,0.811,0.9902912621359223,0.5217391304347826,0.003284072249589491,3.0
117270,0.8,0.9969135802469136,0.6187739463601533,0.0020920502092050207,3.0
118270,0.821,0.9973190348525469,0.6763636363636364,0.0022222222222222222,3.0
119270,0.884,0.9915254237288136,0.6724137931034483,0.003067484662576687,3.0
120270,0.863,1.0,0.6617283950617284,0.0,3.0
121270,0.825,1.0,0.5986238532110092,0.0,3.0
122270,0.867,0.9830508474576272,0.5723684210526315,0.004310344827586207,3.0
123270,0.777,1.0,0.6168384879725086,0.0,3.0
124270,0.856,0.9959514170040485,0.6323907455012854,0.0016366612111292963,3.0
125270,0.719,0.9967213114754099,0.5205479452054794,0.002403846153846154,3.0
126270,0.843,0.9959514170040485,0.6119402985074627,0.0016722408026755853,3.0
127270,0.866,0.9893617021276596,0.5849056603773585,0.002932551319648094,3.0
128270,0.859,0.996415770609319,0.6650717703349283,0.001718213058419244,3.0
129270,0.884,1.0,0.6873315363881402,0.0,3.0
130270,0.767,0.9978118161925602,0.6627906976744186,0.003205128205128205,3.0
131270,0.775,0.9980314960629921,0.6935704514363885,0.0037174721189591076,3.0
132270,0.682,1.0,0.5696887686062246,0.0,3.0
133270,0.734,1.0,0.6419919246298789,0.0,3.0
134270,0.779,1.0,0.6480891719745223,0.0,3.0
135270,0.755,1.0,0.678477690288714,0.0,3.0
136270,0.701,1.0,0.62625,0.0,3.0
137270,0.775,1.0,0.6887966804979253,0.0,3.0
138270,0.704,0.9978213507625272,0.6082337317397079,0.004048582995951417,3.0
139270,0.735,1.0,0.6666666666666666,0.0,3.0
140270,0.665,1.0,0.6413276231263383,0.0,3.0
141270,0.751,1.0,0.7281659388646288,0.0,3.0
142270,0.812,1.0,0.801058201058201,0.0,3.0
143270,0.669,1.0,0.6421621621621622,0.0,3.0
144270,0.745,1.0,0.7222222222222222,0.0,3.0
145270,0.759,1.0,0.7282976324689966,0.0,3.0
146270,0.766,1.0,0.7448200654307524,0.0,3.0
147270,0.77,1.0,0.750271444082519,0.0,3.0
148270,0.76,1.0,0.7350993377483444,0.0,3.0
149270,0.724,1.0,0.7103882476390346,0.0,3.0
150270,0.801,1.0,0.7801104972375691,0.0,3.0
151270,0.771,1.0,0.7553418803418803,0.0,3.0
152270,0.691,1.0,0.661925601750547,0.0,3.0
153270,0.749,0.9967948717948718,0.7141216991963261,0.015503875968992248,3.0
154270,0.786,0.9983739837398374,0.7424425634824667,0.005780346820809248,3.0
155270,0.7,0.9779735682819384,0.42940038684719534,0.010351966873706004,3.0
156270,0.735,0.9942196531791907,0.5667215815485996,0.005089058524173028,3.0
157270,0.792,0.9888888888888889,0.6867283950617284,0.014204545454545454,3.0
158270,0.793,0.9977011494252873,0.678125,0.002777777777777778,3.0
159270,0.822,1.0,0.7323308270676692,0.0,3.0
160270,0.839,1.0,0.7545731707317073,0.0,3.0
161270,0.844,1.0,0.7629179331306991,0.0,3.0
162270,0.87,1.0,0.7993827160493827,0.0,3.0
163270,0.852,1.0,0.7787742899850523,0.0,3.0
164270,0.859,0.9980916030534351,0.7888386123680241,0.002967359050445104,3.0
165270,0.892,0.9981060606060606,0.831230283911672,0.00273224043715847,3.0
166270,0.862,0.9854280510018215,0.8062593144560357,0.0243161094224924,3.0
167270,0.888,0.9980842911877394,0.8243670886075949,0.002717391304347826,3.0
168270,0.874,0.9853479853479854,0.8201219512195121,0.023255813953488372,3.0
169270,0.874,0.9945155393053017,0.815592203898051,0.009009009009009009,3.0
170270,0.883,1.0,0.8183229813664596,0.0,3.0
171270,0.884,0.9964093357271095,0.8295964125560538,0.006042296072507553,3.0
172270,0.875,0.9962546816479401,0.8122137404580153,0.005797101449275362,3.0
173270,0.889,0.9963768115942029,0.834597875569044,0.005865102639296188,3.0
174270,0.901,0.998220640569395,0.8512898330804249,0.002932551319648094,3.0
175270,0.872,1.0,0.8086696562032885,0.0,3.0
176270,0.869,1.0,0.8009118541033434,0.0,3.0
177270,0.866,0.992633517495396,0.8056801195814649,0.012084592145015106,3.0
178270,0.836,1.0,0.7537537537537538,0.0,3.0
179270,0.818,0.9965694682675815,0.7634691195795007,0.008368200836820083,3.0
180270,0.887,1.0,0.8261538461538461,0.0,3.0
181270,0.876,1.0,0.8179148311306902,0.0,3.0
182270,0.868,1.0,0.8032786885245902,0.0,3.0
183270,0.874,1.0,0.8144329896907216,0.0,3.0
184270,0.871,0.9981167608286252,0.8054711246200608,0.0029239766081871343,3.0
185270,0.872,0.9979591836734694,0.7938311688311688,0.0026041666666666665,3.0
186270,0.884,1.0,0.8250377073906485,0.0,3.0
187270,0.89,0.996415770609319,0.8373493975903614,0.005952380952380952,3.0
188270,0.879,1.0,0.8163884673748103,0.0,3.0
189270,0.87,1.0,0.7996918335901386,0.0,3.0
190270,0.858,0.9928952042628775,0.8020086083213773,0.013201320132013201,3.0
191270,0.849,0.9981884057971014,0.7860199714693296,0.0033444816053511705,3.0
192270,0.722,1.0,0.648989898989899,0.0,3.0
193270,0.644,1.0,0.5202156334231806,0.0,3.0
194270,0.747,1.0,0.6426553672316384,0.0,3.0
195270,0.71,1.0,0.558599695585997,0.0,3.0
196270,0.753,0.9978021978021978,0.6485714285714286,0.0033333333333333335,3.0
197270,0.727,1.0,0.6407894736842106,0.0,3.0
198270,0.991,1.0,0.9908998988877654,0.0,3.0
199270,0.997,1.0,0.9969788519637462,0.0,3.0
200270,0.884,1.0,0.86558516801854,0.0,3.0
201270,0.7,1.0,0.6368038740920097,0.0,3.0
202270,0.813,1.0,0.7347517730496453,0.0,3.0
203270,0.811,0.9980732177263969,0.7337110481586402,0.003401360544217687,3.0
204270,0.777,1.0,0.6949384404924761,0.0,3.0
205270,0.823,1.0,0.7301829268292683,0.0,3.0
206270,0.828,1.0,0.7397881996974282,0.0,3.0
207270,0.826,1.0,0.722488038277512,0.0,3.0
208270,0.755,1.0,0.6971569839307787,0.0,3.0
209270,0.808,1.0,0.7490196078431373,0.0,3.0
210270,0.806,1.0,0.7216642754662841,0.0,3.0
211270,0.801,1.0,0.7224546722454672,0.0,3.0
212270,0.852,1.0,0.7918424753867792,0.0,3.0
213270,0.826,1.0,0.7563025210084033,0.0,3.0
214270,0.807,0.99830220713073,0.7538461538461538,0.004545454545454545,3.0
215270,0.722,0.9974874371859297,0.5890207715133531,0.003067484662576687,3.0
216270,0.655,1.0,0.5682102628285357,0.0,3.0
217270,0.788,1.0,0.702247191011236,0.0,3.0
218270,0.839,1.0,0.7369281045751634,0.0,3.0
219270,0.86,1.0,0.7651006711409396,0.0,3.0
220270,0.848,1.0,0.7591125198098256,0.0,3.0
221270,0.824,1.0,0.7241379310344828,0.0,3.0
222270,0.811,1.0,0.7466487935656837,0.0,3.0
223270,0.817,1.0,0.713166144200627,0.0,3.0
224270,0.784,1.0,0.6423841059602649,0.0,3.0
225270,0.805,1.0,0.6844660194174758,0.0,3.0
226270,0.884,1.0,0.8069883527454242,0.0,3.0
227270,0.769,0.9981378026070763,0.6997389033942559,0.004273504273504274,3.0
228270,0.834,1.0,0.6948529411764706,0.0,3.0
229270,0.809,1.0,0.6247544204322201,0.0,3.0
230270,0.83,1.0,0.6851851851851852,0.0,3.0
231270,0.865,1.0,0.7584973166368515,0.0,3.0
232270,0.795,0.9981818181818182,0.7290836653386454,0.004048582995951417,3.0
233270,0.828,0.9948849104859335,0.6958855098389982,0.0045351473922902496,3.0
234270,0.834,0.9974874371859297,0.7064056939501779,0.00228310502283105,3.0
235270,0.881,0.997624703087886,0.7806691449814126,0.0021645021645021645,3.0
236270,0.803,1.0,0.6940993788819876,0.0,3.0
237270,0.867,1.0,0.8091822094691535,0.0,3.0
238270,0.829,0.9950738916256158,0.7050610820244329,0.00468384074941452,3.0
239270,0.848,0.9979674796747967,0.764797507788162,0.002793296089385475,3.0
240270,0.864,0.9955156950672646,0.7681660899653979,0.004739336492890996,3.0
241270,0.859,1.0,0.7530647985989493,0.0,3.0
242270,0.833,0.9958592132505176,0.7445820433436533,0.005649717514124294,3.0
243270,0.892,1.0,0.7911025145067698,0.0,3.0
244270,0.826,0.9972972972972973,0.6808118081180812,0.002183406113537118,3.0
245270,0.868,0.9956803455723542,0.7800338409475466,0.004889975550122249,3.0
246270,0.885,1.0,0.7718253968253969,0.0,3.0
247270,0.825,0.9958932238193019,0.7370820668693009,0.005847953216374269,3.0
248270,0.841,0.9971590909090909,0.6895874263261297,0.002036659877800407,3.0
249270,0.888,1.0,0.7695473251028807,0.0,3.0
250270,0.84,1.0,0.7122302158273381,0.0,3.0
251270,0.882,1.0,0.8084415584415584,0.0,3.0
252270,0.848,1.0,0.7370242214532872,0.0,3.0
253270,0.823,1.0,0.696917808219178,0.0,3.0
254270,0.809,0.9976303317535545,0.6890343698854338,0.002570694087403599,3.0
255270,0.804,1.0,0.6423357664233577,0.0,3.0
256270,0.802,1.0,0.7268965517241379,0.0,3.0
257270,0.822,1.0,0.7420289855072464,0.0,3.0
258270,0.859,1.0,0.7733118971061094,0.0,3.0
259270,0.803,0.9981481481481481,0.7333333333333333,0.0037735849056603774,3.0
260270,0.861,1.0,0.8066759388038943,0.0,3.0
261270,0.872,0.9982300884955753,0.8162083936324168,0.003236245954692557,3.0
262270,0.849,1.0,0.7973154362416107,0.0,3.0
263270,0.813,0.9965397923875432,0.7568988173455979,0.008368200836820083,3.0
264270,0.854,0.9962049335863378,0.7847533632286996,0.006042296072507553,3.0
265270,0.875,0.9913644214162349,0.8270893371757925,0.016339869281045753,3.0
266270,0.852,0.9965576592082617,0.7986206896551724,0.007272727272727273,3.0
267270,0.8753799392097265,0.9965217391304347,0.8256484149855908,0.006825938566552901,3.0
0,1.0,0.0,0.0,0.0,4.0
10,0.55,0.0,0.0,0.0,4.0
30,0.925,1.0,0.8235294117647058,0.0,4.0
70,0.8125,1.0,0.5588235294117647,0.0,4.0
150,0.8375,1.0,0.5272727272727272,0.0,4.0
310,0.853125,1.0,0.5948275862068966,0.0,4.0
630,0.8953125,1.0,0.6940639269406392,0.0,4.0
1270,0.881,1.0,0.6766304347826086,0.0,4.0
2270,0.916,1.0,0.7586206896551724,0.0,4.0
3270,0.925,1.0,0.782608695652174,0.0,4.0
4270,0.935,1.0,0.8137535816618912,0.0,4.0
5270,0.952,1.0,0.8620689655172413,0.0,4.0
6270,0.964,1.0,0.8994413407821229,0.0,4.0
7270,0.97,1.0,0.9182561307901907,0.0,4.0
8270,0.963,1.0,0.8930635838150289,0.0,4.0
9270,0.965,1.0,0.901685393258427,0.0,4.0
10270,0.692,1.0,0.35833333333333334,0.0,4.0
11270,0.497,1.0,0.2285276073619632,0.0,4.0
12270,0.585,0.9955555555555555,0.3510971786833856,0.0027624309392265192,4.0
13270,0.634,0.9884615384615385,0.41451612903225804,0.007894736842105263,4.0
14270,0.648,1.0,0.4430379746835443,0.0,4.0
15270,0.68,0.9970149253731343,0.5114854517611026,0.002881844380403458,4.0
16270,0.689,0.9970588235294118,0.522342064714946,0.002849002849002849,4.0
17270,0.735,0.9973333333333333,0.5862068965517241,0.0027624309392265192,4.0
18270,0.74,1.0,0.5853269537480064,0.0,4.0
19270,0.757,0.9946949602122016,0.6087662337662337,0.005208333333333333,4.0
20270,0.77,1.0,0.6400625978090767,0.0,4.0
21270,0.778,1.0,0.6595092024539877,0.0,4.0
22270,0.804,1.0,0.6961240310077519,0.0,4.0
23270,0.819,1.0,0.7037643207855974,0.0,4.0
24270,0.816,0.9977578475336323,0.7085987261146497,0.002688172043010753,4.0
25270,0.834,1.0,0.7394034536891679,0.0,4.0
26270,0.803,0.9978213507625272,0.7003058103975535,0.002890173410404624,4.0
27270,0.873,1.0,0.7890365448504983,0.0,4.0
28270,0.859,1.0,0.7699836867862969,0.0,4.0
29270,0.851,1.0,0.7675507020280812,0.0,4.0
30270,0.873,0.9981024667931688,0.8067484662576687,0.0028735632183908046,4.0
31270,0.877,0.9981203007518797,0.8131699846860643,0.002881844380403458,4.0
32270,0.878,0.9980430528375733,0.8082408874801902,0.0027100271002710027,4.0
33270,0.881,1.0,0.8036303630363036,0.0,4.0
34270,0.907,1.0,0.8558139534883721,0.0,4.0
35270,0.887,0.9980353634577603,0.8193548387096774,0.002631578947368421,4.0
36270,0.895,0.9963436928702011,0.8410493827160493,0.005681818181818182,4.0
37270,0.896,0.996316758747698,0.8413685847589425,0.0056022408963585435,4.0
38270,0.905,0.9945750452079566,0.8566978193146417,0.008379888268156424,4.0
39270,0.903,0.9962049335863378,0.8467741935483871,0.005263157894736842,4.0
40270,0.935,0.9947368421052631,0.9014308426073132,0.008086253369272238,4.0
41270,0.927,0.99644128113879,0.8874801901743264,0.005420054200542005,4.0
42270,0.938,1.0,0.8990228013029316,0.0,4.0
43270,0.932,0.9965635738831615,0.8978328173374613,0.005649717514124294,4.0
44270,0.933,0.9929328621908127,0.8992,0.010666666666666666,4.0
45270,0.936,0.9946714031971581,0.9017713365539453,0.0079155672823219,4.0
46270,0.932,0.9882154882154882,0.9058641975308642,0.019886363636363636,4.0
47270,0.941,1.0,0.9078125,0.0,4.0
48270,0.956,0.9948364888123924,0.9337641357027464,0.007874015748031496,4.0
49270,0.943,0.9915966386554622,0.9190031152647975,0.013966480446927373,4.0
50270,0.947,0.9913941480206541,0.9230769230769231,0.013297872340425532,4.0
51270,0.933,0.9982078853046595,0.8940609951845907,0.002652519893899204,4.0
52270,0.947,0.9967213114754099,0.9226100151745068,0.005865102639296188,4.0
53270,0.936,0.9928698752228164,0.9027552674230146,0.010443864229765013,4.0
54270,0.941,0.9914383561643836,0.9146919431279621,0.013623978201634877,4.0
55270,0.949,0.9936102236421726,0.929745889387145,0.012084592145015106,4.0
56270,0.955,0.9931856899488927,0.9342948717948718,0.010638297872340425,4.0
57270,0.944,0.9931153184165232,0.9173290937996821,0.01078167115902965,4.0
58270,0.954,0.9898132427843803,0.9357945425361156,0.015915119363395226,4.0
59270,0.962,0.9967479674796748,0.9445300462249615,0.005698005698005698,4.0
60270,0.953,0.9914236706689536,0.932258064516129,0.013157894736842105,4.0
61270,0.952,0.996551724137931,0.9262820512820513,0.005319148936170213,4.0
62270,0.894,0.9867768595041322,0.8589928057553957,0.02622950819672131,4.0
63270,0.851,0.9857549857549858,0.8327316486161251,0.05917159763313609,4.0
64270,0.843,0.9985693848354793,0.8173302107728337,0.00684931506849315,4.0
65270,0.88,0.9915966386554622,0.8613138686131386,0.033707865168539325,4.0
66270,0.93,0.9900142653352354,0.916776750330251,0.02880658436213992,4.0
67270,0.932,0.9806896551724138,0.9294117647058824,0.059574468085106386,4.0
68270,0.888,0.9886845827439887,0.8704856787048568,0.04060913705583756,4.0
69270,0.936,0.9880774962742176,0.9221140472878998,0.028469750889679714,4.0
70270,0.941,0.9920529801324504,0.9339152119700748,0.030303030303030304,4.0
71270,0.872,0.9744680851063829,0.8619824341279799,0.08866995073891626,4.0
72270,0.914,0.9788961038961039,0.8920118343195266,0.040123456790123455,4.0
73270,0.925,0.9815950920245399,0.9103840682788051,0.04040404040404041,4.0
74270,0.894,0.978441127694859,0.8638360175695461,0.04100946372239748,4.0
75270,0.908,0.982274741506647,0.8926174496644296,0.047058823529411764,4.0
76270,0.895,0.9898132427843803,0.8548387096774194,0.018867924528301886,4.0
77270,0.934,0.982174688057041,0.9077429983525536,0.02544529262086514,4.0
78270,0.894,0.9865771812080537,0.8571428571428571,0.025477707006369428,4.0
79270,0.909,0.9692898272552783,0.8706896551724138,0.0380952380952381,4.0
80270,0.917,0.9777777777777777,0.8705035971223022,0.024774774774774775,4.0
81270,0.924,0.9773755656108597,0.8674698795180723,0.0199203187250996,4.0
82270,0.927,0.98559670781893,0.8788990825688073,0.015384615384615385,4.0
83270,0.91,0.9595687331536388,0.8259860788863109,0.026362038664323375,4.0
84270,0.898,0.9776674937965261,0.8090349075975359,0.017543859649122806,4.0
85270,0.912,0.9784615384615385,0.7969924812030075,0.011647254575707155,4.0
86270,0.898,0.9773462783171522,0.760705289672544,0.011608623548922056,4.0
87270,0.935,0.9578313253012049,0.7327188940092166,0.008939974457215836,4.0
88270,0.945,0.43478260869565216,0.19230769230769232,0.013713080168776372,4.0
89270,0.942,0.9473684210526315,0.6293706293706294,0.005834305717619603,4.0
90270,0.936,0.946236559139785,0.5986394557823129,0.005861664712778429,4.0
91270,0.931,0.9841269841269841,0.6492146596858639,0.002472187886279357,4.0
92270,0.934,0.9871794871794872,0.5422535211267606,0.0011655011655011655,4.0
93270,0.919,0.9781021897810219,0.6320754716981132,0.0038071065989847717,4.0
94270,0.84,0.9834710743801653,0.6040609137055838,0.006600660066006601,4.0
95270,0.922,0.9456521739130435,0.54375,0.005952380952380952,4.0
96270,0.814,0.9948186528497409,0.5092838196286472,0.0016051364365971107,4.0
97270,0.779,1.0,0.5914972273567468,0.0,4.0
98270,0.852,0.9949748743718593,0.5739130434782609,0.0015267175572519084,4.0
99270,0.757,1.0,0.5299806576402321,0.0,4.0
100270,0.889,1.0,0.6890756302521008,0.0,4.0
101270,0.874,0.993103448275862,0.5353159851301115,0.0013679890560875513,4.0
102270,0.804,0.9961389961389961,0.5695364238410596,0.0018281535648994515,4.0
103270,0.919,1.0,0.6142857142857143,0.0,4.0
104270,0.859,0.9701492537313433,0.31862745098039214,0.002512562814070352,4.0
105270,0.88,0.9926470588235294,0.531496062992126,0.0013404825737265416,4.0
106270,0.665,1.0,0.46570972886762363,0.0,4.0
107270,0.903,0.9482758620689655,0.3691275167785235,0.0035252643948296123,4.0
108270,0.901,0.9777777777777777,0.4756756756756757,0.00245398773006135,4.0
109270,0.741,0.9768211920529801,0.5393053016453382,0.01545253863134658,4.0
110270,0.777,0.972,0.5294117647058824,0.012939001848428836,4.0
111270,0.703,0.9893992932862191,0.4878048780487805,0.007042253521126761,4.0
112270,0.769,0.9965635738831615,0.5576923076923077,0.0020833333333333333,4.0
113270,0.732,1.0,0.4693069306930693,0.0,4.0
114270,0.763,0.9936708860759493,0.3994910941475827,0.0016474464579901153,4.0
115270,0.643,1.0,0.38128249566724437,0.0,4.0
116270,0.747,1.0,0.35294117647058826,0.0,4.0
117270,0.743,0.9962546816479401,0.5095785440613027,0.0020920502092050207,4.0
118270,0.787,0.9970501474926253,0.6145454545454545,0.0022222222222222222,4.0
119270,0.861,0.9906103286384976,0.6063218390804598,0.003067484662576687,4.0
120270,0.825,1.0,0.5679012345679012,0.0,4.0
121270,0.796,1.0,0.5321100917431193,0.0,4.0
122270,0.853,0.9815950920245399,0.5263157894736842,0.004310344827586207,4.0
123270,0.708,1.0,0.49828178694158076,0.0,4.0
124270,0.837,0.9956140350877193,0.583547557840617,0.0016366612111292963,4.0
125270,0.663,1.0,0.4229452054794521,0.0,4.0
126270,0.806,0.9952380952380953,0.5199004975124378,0.0016722408026755853,4.0
127270,0.827,0.9865771812080537,0.46226415094339623,0.002932551319648094,4.0
128270,0.827,0.9959514170040485,0.5885167464114832,0.001718213058419244,4.0
129270,0.842,1.0,0.5741239892183289,0.0,4.0
130270,0.712,1.0,0.5813953488372093,0.0,4.0
131270,0.734,0.9978586723768736,0.6374829001367989,0.0037174721189591076,4.0
132270,0.616,1.0,0.4803788903924222,0.0,4.0
133270,0.645,1.0,0.522207267833109,0.0,4.0
134270,0.736,1.0,0.5796178343949044,0.0,4.0
135270,0.711,1.0,0.6207349081364829,0.0,4.0
136270,0.667,1.0,0.58375,0.0,4.0
137270,0.711,1.0,0.6002766251728907,0.0,4.0
138270,0.63,0.9974025974025974,0.5099601593625498,0.004048582995951417,4.0
139270,0.681,1.0,0.5987421383647799,0.0,4.0
140270,0.569,1.0,0.538543897216274,0.0,4.0
141270,0.696,1.0,0.6681222707423581,0.0,4.0
142270,0.729,1.0,0.7132275132275132,0.0,4.0
143270,0.596,1.0,0.5632432432432433,0.0,4.0
144270,0.676,1.0,0.6470588235294118,0.0,4.0
145270,0.704,1.0,0.6662908680947013,0.0,4.0
146270,0.689,1.0,0.6608505997818975,0.0,4.0
147270,0.702,1.0,0.6764386536373507,0.0,4.0
148270,0.696,1.0,0.6644591611479028,0.0,4.0
149270,0.642,1.0,0.6243441762854145,0.0,4.0
150270,0.705,1.0,0.6740331491712708,0.0,4.0
151270,0.601,1.0,0.5737179487179487,0.0,4.0
152270,0.602,1.0,0.5645514223194749,0.0,4.0
153270,0.672,1.0,0.6234213547646383,0.0,4.0
154270,0.746,0.9982608695652174,0.694074969770254,0.005780346820809248,4.0
155270,0.624,0.9607843137254902,0.28433268858800775,0.012422360248447204,4.0
156270,0.629,0.9957983193277311,0.3904448105436573,0.002544529262086514,4.0
157270,0.661,0.9843260188087775,0.4845679012345679,0.014204545454545454,4.0
158270,0.687,0.9969604863221885,0.5125,0.002777777777777778,4.0
159270,0.726,0.9924433249370277,0.5924812030075188,0.008955223880597015,4.0
160270,0.76,0.9976076555023924,0.635670731707317,0.0029069767441860465,4.0
161270,0.773,0.9976905311778291,0.6565349544072948,0.0029239766081871343,4.0
162270,0.798,0.9868995633187773,0.6975308641975309,0.017045454545454544,4.0
163270,0.797,1.0,0.6965620328849028,0.0,4.0
164270,0.803,0.9978632478632479,0.7043740573152338,0.002967359050445104,4.0
165270,0.836,0.9978813559322034,0.7429022082018928,0.00273224043715847,4.0
166270,0.821,0.984251968503937,0.7451564828614009,0.0243161094224924,4.0
167270,0.829,0.9978401727861771,0.7310126582278481,0.002717391304347826,4.0
168270,0.848,0.9941176470588236,0.7728658536585366,0.00872093023255814,4.0
169270,0.83,1.0,0.7451274362818591,0.0,4.0
170270,0.84,0.9979423868312757,0.7531055900621118,0.0028089887640449437,4.0
171270,0.843,0.9980544747081712,0.7668161434977578,0.0030211480362537764,4.0
172270,0.834,0.9939393939393939,0.751145038167939,0.008695652173913044,4.0
173270,0.844,0.9960552268244576,0.7663125948406677,0.005865102639296188,4.0
174270,0.87,0.9981167608286252,0.8042488619119879,0.002932551319648094,4.0
175270,0.842,1.0,0.7638266068759342,0.0,4.0
176270,0.842,1.0,0.7598784194528876,0.0,4.0
177270,0.833,0.9960474308300395,0.7533632286995515,0.006042296072507553,4.0
178270,0.813,1.0,0.7192192192192193,0.0,4.0
179270,0.75,0.9904030710172744,0.6780551905387647,0.02092050209205021,4.0
180270,0.844,1.0,0.76,0.0,4.0
181270,0.826,1.0,0.7444933920704846,0.0,4.0
182270,0.833,1.0,0.7511177347242921,0.0,4.0
183270,0.82,1.0,0.7349042709867453,0.0,4.0
184270,0.839,1.0,0.7553191489361702,0.0,4.0
185270,0.834,0.9977876106194691,0.7321428571428571,0.0026041666666666665,4.0
186270,0.837,0.99800796812749,0.755656108597285,0.002967359050445104,4.0
187270,0.865,0.9962476547842402,0.7996987951807228,0.005952380952380952,4.0
188270,0.847,1.0,0.7678300455235205,0.0,4.0
189270,0.837,1.0,0.74884437596302,0.0,4.0
190270,0.829,0.9981060606060606,0.7560975609756098,0.0033003300330033004,4.0
191270,0.812,0.9980582524271845,0.7332382310984308,0.0033444816053511705,4.0
192270,0.662,1.0,0.5732323232323232,0.0,4.0
193270,0.558,1.0,0.40431266846361186,0.0,4.0
194270,0.687,1.0,0.557909604519774,0.0,4.0
195270,0.652,1.0,0.4703196347031963,0.0,4.0
196270,0.662,0.9972527472527473,0.5185714285714286,0.0033333333333333335,4.0
197270,0.632,1.0,0.5157894736842106,0.0,4.0
198270,0.985,1.0,0.9848331648129424,0.0,4.0
199270,0.997,1.0,0.9969788519637462,0.0,4.0
200270,0.852,1.0,0.828505214368482,0.0,4.0
201270,0.649,1.0,0.5750605326876513,0.0,4.0
202270,0.784,1.0,0.6936170212765957,0.0,4.0
203270,0.763,1.0,0.6643059490084986,0.0,4.0
204270,0.746,1.0,0.652530779753762,0.0,4.0
205270,0.797,1.0,0.6905487804878049,0.0,4.0
206270,0.785,1.0,0.6747352496217852,0.0,4.0
207270,0.793,1.0,0.6698564593301436,0.0,4.0
208270,0.704,1.0,0.6341161928306551,0.0,4.0
209270,0.78,1.0,0.7124183006535948,0.0,4.0
210270,0.765,1.0,0.6628407460545194,0.0,4.0
211270,0.758,1.0,0.6624825662482566,0.0,4.0
212270,0.806,1.0,0.7271448663853727,0.0,4.0
213270,0.775,1.0,0.6848739495798319,0.0,4.0
214270,0.757,0.9981447124304267,0.6897435897435897,0.004545454545454545,4.0
215270,0.695,0.9973045822102425,0.5489614243323442,0.003067484662576687,4.0
216270,0.601,1.0,0.5006257822277848,0.0,4.0
217270,0.735,1.0,0.6278089887640449,0.0,4.0
218270,0.811,1.0,0.6911764705882353,0.0,4.0
219270,0.817,1.0,0.6929530201342282,0.0,4.0
220270,0.796,1.0,0.6767036450079239,0.0,4.0
221270,0.79,1.0,0.670846394984326,0.0,4.0
222270,0.754,1.0,0.6702412868632708,0.0,4.0
223270,0.751,1.0,0.609717868338558,0.0,4.0
224270,0.733,1.0,0.5579470198675497,0.0,4.0
225270,0.735,1.0,0.5711974110032363,0.0,4.0
226270,0.831,1.0,0.718801996672213,0.0,4.0
227270,0.726,0.9979757085020243,0.643603133159269,0.004273504273504274,4.0
228270,0.787,1.0,0.6084558823529411,0.0,4.0
229270,0.787,1.0,0.581532416502947,0.0,4.0
230270,0.771,1.0,0.575925925925926,0.0,4.0
231270,0.83,1.0,0.6958855098389982,0.0,4.0
232270,0.741,0.9979838709677419,0.6573705179282868,0.004048582995951417,4.0
233270,0.778,0.9941348973607038,0.6064400715563506,0.0045351473922902496,4.0
234270,0.78,0.997093023255814,0.6103202846975089,0.00228310502283105,4.0
235270,0.834,0.9973262032085561,0.6933085501858736,0.0021645021645021645,4.0
236270,0.748,1.0,0.6086956521739131,0.0,4.0
237270,0.816,1.0,0.7360114777618364,0.0,4.0
238270,0.777,0.9943502824858758,0.6143106457242583,0.00468384074941452,4.0
239270,0.78,1.0,0.6573208722741433,0.0,4.0
240270,0.802,0.9973821989528796,0.6591695501730104,0.002369668246445498,4.0
241270,0.813,1.0,0.6725043782837128,0.0,4.0
242270,0.773,0.997624703087886,0.6501547987616099,0.002824858757062147,4.0
243270,0.832,1.0,0.6750483558994197,0.0,4.0
244270,0.783,0.9969418960244648,0.6014760147601476,0.002183406113537118,4.0
245270,0.82,0.9975786924939467,0.6971235194585449,0.0024449877750611247,4.0
246270,0.84,1.0,0.6825396825396826,0.0,4.0
247270,0.773,0.9954022988505747,0.6580547112462006,0.005847953216374269,4.0
248270,0.804,1.0,0.6149312377210217,0.0,4.0
249270,0.822,1.0,0.6337448559670782,0.0,4.0
250270,0.793,1.0,0.6276978417266187,0.0,4.0
251270,0.849,1.0,0.7548701298701299,0.0,4.0
252270,0.813,1.0,0.6764705882352942,0.0,4.0
253270,0.786,1.0,0.6335616438356164,0.0,4.0
254270,0.777,0.9974358974358974,0.6366612111292962,0.002570694087403599,4.0
255270,0.775,1.0,0.5894160583941606,0.0,4.0
256270,0.704,1.0,0.5917241379310345,0.0,4.0
257270,0.791,1.0,0.6971014492753623,0.0,4.0
258270,0.842,1.0,0.7459807073954984,0.0,4.0
259270,0.759,0.9979838709677419,0.673469387755102,0.0037735849056603774,4.0
260270,0.814,1.0,0.741307371349096,0.0,4.0
261270,0.825,0.9980694980694981,0.748191027496382,0.003236245954692557,4.0
262270,0.811,1.0,0.7463087248322148,0.0,4.0
263270,0.776,0.9963031423290203,0.7082785808147175,0.008368200836820083,4.0
264270,0.799,0.9957627118644068,0.70254110612855,0.006042296072507553,4.0
265270,0.825,0.9961759082217974,0.7507204610951008,0.006535947712418301,4.0
266270,0.812,1.0,0.7406896551724138,0.0,4.0
267270,0.8530901722391084,0.9981851179673321,0.792507204610951,0.0034129692832764505,4.0
