samples,acc,prec,rec,threshold
0,1.0,0.0,0.0,0.0
10,0.55,0.0,0.0,0.0
30,0.425,0.425,1.0,0.0
70,0.425,0.425,1.0,0.0
150,0.34375,0.34375,1.0,0.0
310,0.365625,0.36363636363636365,1.0,0.0
630,0.3515625,0.34542586750788645,1.0,0.0
1270,0.382,0.37322515212981744,1.0,0.0
2270,0.373,0.3569230769230769,1.0,0.0
3270,0.359,0.3489795918367347,0.991304347826087,0.0
4270,0.366,0.3550356052899288,1.0,0.0
5270,0.377,0.3583934088568486,1.0,0.0
6270,0.391,0.3702171664943123,1.0,0.0
7270,0.398,0.37874097007223945,1.0,0.0
8270,0.386,0.36041666666666666,1.0,0.0
9270,0.396,0.37083333333333335,1.0,0.0
10270,0.5,0.4897959183673469,1.0,0.0
11270,0.654,0.6533066132264529,1.0,0.0
12270,0.64,0.6392785571142284,1.0,0.0
13270,0.626,0.6237424547283702,1.0,0.0
14270,0.634,0.6332665330661322,1.0,0.0
15270,0.655,0.654308617234469,1.0,0.0
16270,0.653,0.6516064257028112,1.0,0.0
17270,0.645,0.6424974823766365,1.0,0.0
18270,0.631,0.6295180722891566,1.0,0.0
19270,0.619,0.6178535606820461,1.0,0.0
20270,0.642,0.6409227683049148,1.0,0.0
21270,0.656,0.6546184738955824,1.0,0.0
22270,0.654,0.6508577194752775,1.0,0.0
23270,0.618,0.6153071500503524,1.0,0.0
24270,0.633,0.6311557788944724,1.0,0.0
25270,0.641,0.6395582329317269,1.0,0.0
26270,0.654,0.654,1.0,0.0
27270,0.609,0.6062437059415912,1.0,0.0
28270,0.62,0.6173212487411883,1.0,0.0
29270,0.646,0.6442211055276382,1.0,0.0
30270,0.655,0.6539618856569709,1.0,0.0
31270,0.657,0.6556224899598394,1.0,0.0
32270,0.636,0.6341708542713568,1.0,0.0
33270,0.612,0.6096579476861167,1.0,0.0
34270,0.65,0.6482412060301508,1.0,0.0
35270,0.623,0.6218655967903711,1.0,0.0
36270,0.652,0.6506024096385542,1.0,0.0
37270,0.645,0.6442885771543087,1.0,0.0
38270,0.649,0.6465256797583081,1.0,0.0
39270,0.626,0.6237424547283702,1.0,0.0
40270,0.638,0.6347124117053481,1.0,0.0
41270,0.636,0.6341708542713568,1.0,0.0
42270,0.62,0.6177062374245473,1.0,0.0
43270,0.653,0.6505538771399798,1.0,0.0
44270,0.627,0.62625250501002,1.0,0.0
45270,0.623,0.6222444889779559,1.0,0.0
46270,0.653,0.6512562814070352,1.0,0.0
47270,0.641,0.6406406406406406,1.0,0.0
48270,0.625,0.6227364185110664,1.0,0.0
49270,0.645,0.6439317953861585,1.0,0.0
50270,0.629,0.6271356783919598,1.0,0.0
51270,0.624,0.6236236236236237,1.0,0.0
52270,0.664,0.6623115577889447,1.0,0.0
53270,0.62,0.6188565697091274,1.0,0.0
54270,0.646,0.6413373860182371,1.0,0.0
55270,0.672,0.6710130391173521,1.0,0.0
56270,0.629,0.6271356783919598,1.0,0.0
57270,0.634,0.6321608040201006,1.0,0.0
58270,0.631,0.6280241935483871,1.0,0.0
59270,0.655,0.6529175050301811,1.0,0.0
60270,0.626,0.6237424547283702,1.0,0.0
61270,0.627,0.6258776328986961,1.0,0.0
62270,0.698,0.6970912738214644,1.0,0.0
63270,0.831,0.831,1.0,0.0
64270,0.854,0.854,1.0,0.0
65270,0.822,0.822,1.0,0.0
66270,0.757,0.757,1.0,0.0
67270,0.765,0.765,1.0,0.0
68270,0.806,0.8054162487462387,1.0,0.0
69270,0.723,0.7218875502008032,1.0,0.0
70270,0.806,0.8052208835341366,1.0,0.0
71270,0.8,0.7993981945837513,1.0,0.0
72270,0.679,0.6780341023069207,1.0,0.0
73270,0.712,0.7093844601412714,1.0,0.0
74270,0.69,0.6878147029204431,1.0,0.0
75270,0.748,0.7472417251755266,1.0,0.0
76270,0.689,0.6868076535750252,1.0,0.0
77270,0.614,0.6112789526686808,1.0,0.0
78270,0.691,0.6894472361809045,1.0,0.0
79270,0.583,0.5817452357071213,1.0,0.0
80270,0.565,0.5610494450050454,1.0,0.0
81270,0.506,0.5020161290322581,1.0,0.0
82270,0.565,0.5561224489795918,1.0,0.0
83270,0.445,0.43711967545638947,1.0,0.0
84270,0.498,0.4924165824064712,1.0,0.0
85270,0.416,0.4059003051881994,1.0,0.0
86270,0.415,0.40427698574338083,1.0,0.0
87270,0.229,0.21963562753036436,1.0,0.0
88270,0.078,0.053388090349075976,1.0,0.0
89270,0.165,0.14621676891615543,1.0,0.0
90270,0.181,0.15217391304347827,1.0,0.0
91270,0.232,0.1991657977059437,1.0,0.0
92270,0.176,0.14699792960662525,1.0,0.0
93270,0.249,0.2201453790238837,1.0,0.0
94270,0.409,0.4,1.0,0.0
95270,0.189,0.164778578784758,1.0,0.0
96270,0.406,0.388259526261586,1.0,0.0
97270,0.563,0.5531697341513292,1.0,0.0
98270,0.376,0.3560371517027864,1.0,0.0
99270,0.54,0.5291709314227226,1.0,0.0
100270,0.389,0.368801652892562,1.0,0.0
101270,0.308,0.27991675338189387,1.0,0.0
102270,0.497,0.47384937238493724,1.0,0.0
103270,0.244,0.21739130434782608,1.0,0.0
104270,0.243,0.21227887617065558,1.0,0.0
105270,0.306,0.2679324894514768,1.0,0.0
106270,0.662,0.649740932642487,1.0,0.0
107270,0.205,0.15783898305084745,1.0,0.0
108270,0.223,0.19230769230769232,1.0,0.0
109270,0.568,0.5587334014300307,1.0,0.0
110270,0.474,0.46598984771573604,1.0,0.0
111270,0.581,0.5780463242698892,1.0,0.0
112270,0.527,0.5236656596173213,1.0,0.0
113270,0.526,0.5158648925281474,0.998019801980198,0.0
114270,0.428,0.4072538860103627,1.0,0.0
115270,0.632,0.6105820105820106,1.0,0.0
116270,0.45,0.4155154091392136,1.0,0.0
117270,0.578,0.5529661016949152,1.0,0.0
118270,0.559,0.5549949545913219,1.0,0.0
119270,0.367,0.3547400611620795,1.0,0.0
120270,0.419,0.4107505070993915,1.0,0.0
121270,0.454,0.4439918533604888,1.0,0.0
122270,0.315,0.3069908814589666,0.9967105263157895,0.0
123270,0.585,0.5837512537612839,1.0,0.0
124270,0.399,0.3929292929292929,1.0,0.0
125270,0.589,0.5869346733668341,1.0,0.0
126270,0.412,0.40606060606060607,1.0,0.0
127270,0.328,0.3212121212121212,1.0,0.0
128270,0.453,0.43316062176165804,1.0,0.0
129270,0.382,0.3751263902932255,1.0,0.0
130270,0.7,0.6963562753036437,1.0,0.0
131270,0.741,0.7383838383838384,1.0,0.0
132270,0.757,0.7525458248472505,1.0,0.0
133270,0.757,0.7535496957403651,1.0,0.0
134270,0.657,0.646755921730175,1.0,0.0
135270,0.772,0.7696969696969697,1.0,0.0
136270,0.802,0.8016032064128257,1.0,0.0
137270,0.729,0.727364185110664,1.0,0.0
138270,0.755,0.7545090180360722,1.0,0.0
139270,0.805,0.803030303030303,1.0,0.0
140270,0.941,0.9405840886203424,1.0,0.0
141270,0.923,0.9224572004028198,1.0,0.0
142270,0.945,0.945,1.0,0.0
143270,0.925,0.925,1.0,0.0
144270,0.918,0.918,1.0,0.0
145270,0.889,0.8887775551102205,1.0,0.0
146270,0.918,0.9179179179179179,1.0,0.0
147270,0.921,0.921,1.0,0.0
148270,0.906,0.906,1.0,0.0
149270,0.953,0.953,1.0,0.0
150270,0.905,0.905,1.0,0.0
151270,0.937,0.9369369369369369,1.0,0.0
152270,0.913,0.913913913913914,0.9989059080962801,0.0
153270,0.872,0.8718718718718719,1.0,0.0
154270,0.829,0.8293172690763052,0.9987908101571947,0.0
155270,0.52,0.518555667001003,1.0,0.0
156270,0.612,0.6100502512562814,1.0,0.0
157270,0.648,0.648,1.0,0.0
158270,0.642,0.6412825651302605,1.0,0.0
159270,0.666,0.6656656656656657,1.0,0.0
160270,0.657,0.6566566566566566,1.0,0.0
161270,0.662,0.6606425702811245,1.0,0.0
162270,0.651,0.649949849548646,1.0,0.0
163270,0.669,0.669,1.0,0.0
164270,0.663,0.663,1.0,0.0
165270,0.635,0.6346346346346347,1.0,0.0
166270,0.671,0.671,1.0,0.0
167270,0.632,0.632,1.0,0.0
168270,0.658,0.657314629258517,1.0,0.0
169270,0.674,0.6717019133937563,1.0,0.0
170270,0.644,0.644,1.0,0.0
171270,0.669,0.669,1.0,0.0
172270,0.655,0.655,1.0,0.0
173270,0.659,0.659,1.0,0.0
174270,0.659,0.659,1.0,0.0
175270,0.67,0.6696696696696697,1.0,0.0
176270,0.659,0.6586586586586587,1.0,0.0
177270,0.681,0.6771255060728745,1.0,0.0
178270,0.676,0.6727272727272727,1.0,0.0
179270,0.772,0.7694641051567239,1.0,0.0
180270,0.668,0.6619144602851323,1.0,0.0
181270,0.689,0.686491935483871,1.0,0.0
182270,0.675,0.6740442655935613,0.9985096870342772,0.0
183270,0.68,0.6796796796796797,1.0,0.0
184270,0.658,0.658,1.0,0.0
185270,0.617,0.6166166166166166,1.0,0.0
186270,0.665,0.6643286573146293,1.0,0.0
187270,0.667,0.6663316582914572,0.9984939759036144,0.0
188270,0.66,0.6596596596596597,1.0,0.0
189270,0.65,0.6496496496496497,1.0,0.0
190270,0.7,0.6990972918756269,1.0,0.0
191270,0.703,0.7024048096192385,1.0,0.0
192270,0.795,0.794383149448345,1.0,0.0
193270,0.747,0.7457286432160805,1.0,0.0
194270,0.713,0.7115577889447237,1.0,0.0
195270,0.66,0.6589769307923772,1.0,0.0
196270,0.706,0.704225352112676,1.0,0.0
197270,0.766,0.7645875251509054,1.0,0.0
198270,0.989,0.989,1.0,0.0
199270,0.993,0.993,1.0,0.0
200270,0.866,0.8655967903711134,1.0,0.0
201270,0.83,0.8293172690763052,1.0,0.0
202270,0.713,0.7106854838709677,1.0,0.0
203270,0.714,0.7116935483870968,1.0,0.0
204270,0.737,0.7354124748490946,1.0,0.0
205270,0.659,0.6579739217652959,1.0,0.0
206270,0.665,0.6636546184738956,1.0,0.0
207270,0.633,0.630784708249497,1.0,0.0
208270,0.812,0.8114343029087262,1.0,0.0
209270,0.768,0.7673019057171514,1.0,0.0
210270,0.703,0.7012072434607646,1.0,0.0
211270,0.727,0.7242424242424242,1.0,0.0
212270,0.721,0.7186234817813765,0.9985935302390999,0.0
213270,0.719,0.7175879396984924,1.0,0.0
214270,0.788,0.7862903225806451,1.0,0.0
215270,0.683,0.6801210898082745,1.0,0.0
216270,0.802,0.8014042126379137,1.0,0.0
217270,0.72,0.717741935483871,1.0,0.0
218270,0.614,0.6132264529058116,1.0,0.0
219270,0.61,0.6044624746450304,1.0,0.0
220270,0.642,0.6380182002022244,1.0,0.0
221270,0.657,0.6503567787971458,1.0,0.0
222270,0.751,0.749748743718593,1.0,0.0
223270,0.653,0.6477157360406092,1.0,0.0
224270,0.62,0.6140529531568228,0.9983443708609272,0.0
225270,0.636,0.6293279022403259,1.0,0.0
226270,0.616,0.6101522842639594,1.0,0.0
227270,0.772,0.7706237424547284,1.0,0.0
228270,0.556,0.5506072874493927,1.0,0.0
229270,0.519,0.5141414141414141,1.0,0.0
230270,0.558,0.5498981670061099,1.0,0.0
231270,0.581,0.5715746421267893,1.0,0.0
232270,0.761,0.7590725806451613,1.0,0.0
233270,0.571,0.5657894736842105,1.0,0.0
234270,0.579,0.5717192268565615,1.0,0.0
235270,0.555,0.5474006116207951,0.9981412639405205,0.0
236270,0.658,0.6531440162271805,1.0,0.0
237270,0.71,0.7061803444782169,1.0,0.0
238270,0.589,0.5823170731707317,1.0,0.0
239270,0.655,0.6504559270516718,1.0,0.0
240270,0.593,0.5868020304568528,1.0,0.0
241270,0.583,0.5779352226720648,1.0,0.0
242270,0.659,0.6545086119554204,1.0,0.0
243270,0.532,0.5248730964467005,1.0,0.0
244270,0.557,0.550253807106599,1.0,0.0
245270,0.607,0.600609756097561,1.0,0.0
246270,0.519,0.5116751269035533,1.0,0.0
247270,0.68,0.6728016359918201,1.0,0.0
248270,0.53,0.5199182839632278,1.0,0.0
249270,0.516,0.5010309278350515,1.0,0.0
250270,0.567,0.5621840242669363,1.0,0.0
251270,0.623,0.6203423967774421,1.0,0.0
252270,0.596,0.5885947046843177,1.0,0.0
253270,0.604,0.5959183673469388,1.0,0.0
254270,0.627,0.6209349593495935,1.0,0.0
255270,0.561,0.5552178318135765,1.0,0.0
256270,0.731,0.7293762575452716,1.0,0.0
257270,0.7,0.696969696969697,1.0,0.0
258270,0.635,0.630192502532928,1.0,0.0
259270,0.745,0.7424242424242424,1.0,0.0
260270,0.723,0.7218875502008032,1.0,0.0
261270,0.699,0.6965725806451613,1.0,0.0
262270,0.757,0.7540485829959515,1.0,0.0
263270,0.767,0.7655935613682092,1.0,0.0
264270,0.678,0.6750756811301716,1.0,0.0
265270,0.705,0.7017189079878665,1.0,0.0
266270,0.732,0.730110775427996,1.0,0.0
267270,0.7152988855116514,0.7117948717948718,1.0,0.0
0,1.0,0.0,0.0,0.25
10,0.55,0.0,0.0,0.25
30,0.925,1.0,0.8235294117647058,0.25
70,0.8375,1.0,0.6176470588235294,0.25
150,0.8625,1.0,0.6,0.25
310,0.90625,1.0,0.7413793103448276,0.25
630,0.928125,1.0,0.7899543378995434,0.25
1270,0.925,1.0,0.7961956521739131,0.25
2270,0.957,1.0,0.8764367816091954,0.25
3270,0.952,0.9966555183946488,0.863768115942029,0.25
4270,0.966,1.0,0.9025787965616046,0.25
5270,0.981,1.0,0.9454022988505747,0.25
6270,0.982,1.0,0.9497206703910615,0.25
7270,0.987,0.9971910112359551,0.9673024523160763,0.25
8270,0.987,1.0,0.9624277456647399,0.25
9270,0.985,0.9970845481049563,0.9606741573033708,0.25
10270,0.776,0.9961240310077519,0.5354166666666667,0.25
11270,0.691,0.9971014492753624,0.5276073619631901,0.25
12270,0.775,0.9952038369304557,0.6504702194357367,0.25
13270,0.795,0.9905437352245863,0.6758064516129032,0.25
14270,0.837,0.9957716701902748,0.745253164556962,0.25
15270,0.865,0.990530303030303,0.8009188361408882,0.25
16270,0.875,0.9962121212121212,0.810477657935285,0.25
17270,0.904,0.9927272727272727,0.8557993730407524,0.25
18270,0.928,0.9964221824686941,0.8883572567783095,0.25
19270,0.932,0.9963768115942029,0.8928571428571429,0.25
20270,0.937,0.9914675767918089,0.9092331768388107,0.25
21270,0.943,0.9950083194675541,0.9171779141104295,0.25
22270,0.956,0.996694214876033,0.9348837209302325,0.25
23270,0.958,0.9965095986038395,0.9345335515548282,0.25
24270,0.966,0.995,0.9506369426751592,0.25
25270,0.97,0.9918962722852512,0.9607535321821036,0.25
26270,0.967,0.9936406995230525,0.9556574923547401,0.25
27270,0.98,0.9948979591836735,0.9717607973421927,0.25
28270,0.979,0.9949832775919732,0.9706362153344209,0.25
29270,0.985,0.9984076433121019,0.9781591263650546,0.25
30270,0.979,0.9921996879875195,0.9754601226993865,0.25
31270,0.979,0.99375,0.9739663093415007,0.25
32270,0.98,0.9935379644588045,0.9746434231378764,0.25
33270,0.984,0.9949664429530202,0.9785478547854786,0.25
34270,0.988,0.9968602825745683,0.9844961240310077,0.25
35270,0.988,0.9967320261437909,0.9838709677419355,0.25
36270,0.976,0.985981308411215,0.9768518518518519,0.25
37270,0.988,0.9952904238618524,0.9860031104199067,0.25
38270,0.988,0.9952830188679245,0.985981308411215,0.25
39270,0.991,0.9935379644588045,0.9919354838709677,0.25
40270,0.987,0.9904458598726115,0.9888712241653418,0.25
41270,0.989,0.9952076677316294,0.9873217115689382,0.25
42270,0.992,0.9967213114754099,0.990228013029316,0.25
43270,0.993,0.9968895800933126,0.9922600619195047,0.25
44270,0.993,0.9936102236421726,0.9952,0.25
45270,0.995,0.9967741935483871,0.9951690821256038,0.25
46270,0.987,0.9892141756548536,0.9907407407407407,0.25
47270,0.991,0.9984202211690363,0.9875,0.25
48270,0.989,0.9871794871794872,0.9951534733441034,0.25
49270,0.993,0.9922480620155039,0.9968847352024922,0.25
50270,0.984,0.9840764331210191,0.9903846153846154,0.25
51270,0.996,0.9967897271268058,0.9967897271268058,0.25
52270,0.992,0.9954337899543378,0.992412746585736,0.25
53270,0.985,0.9886363636363636,0.9870340356564019,0.25
54270,0.988,0.9874411302982732,0.9936808846761453,0.25
55270,0.991,0.9896142433234422,0.9970104633781763,0.25
56270,0.989,0.988835725677831,0.9935897435897436,0.25
57270,0.993,0.9936507936507937,0.9952305246422893,0.25
58270,0.987,0.987220447284345,0.9919743178170144,0.25
59270,0.996,0.9953917050691244,0.9984591679506933,0.25
60270,0.991,0.9888,0.9967741935483871,0.25
61270,0.991,0.9904306220095693,0.9951923076923077,0.25
62270,0.977,0.9813753581661891,0.9856115107913669,0.25
63270,0.981,0.9856459330143541,0.9915764139590855,0.25
64270,0.975,0.9964071856287425,0.9742388758782201,0.25
65270,0.973,0.988929889298893,0.9781021897810219,0.25
66270,0.98,0.9842312746386334,0.9894319682959049,0.25
67270,0.974,0.9780077619663649,0.9882352941176471,0.25
68270,0.981,0.9875621890547264,0.9887920298879203,0.25
69270,0.964,0.9671682626538988,0.9833101529902643,0.25
70270,0.991,0.9901112484548825,0.9987531172069826,0.25
71270,0.977,0.9813432835820896,0.9899623588456713,0.25
72270,0.971,0.9668109668109668,0.9911242603550295,0.25
73270,0.972,0.966804979253112,0.9943100995732574,0.25
74270,0.955,0.9596541786743515,0.9751098096632503,0.25
75270,0.963,0.9585492227979274,0.9932885906040269,0.25
76270,0.964,0.9549295774647887,0.9941348973607038,0.25
77270,0.932,0.9052631578947369,0.9917627677100495,0.25
78270,0.956,0.9533898305084746,0.9839650145772595,0.25
79270,0.954,0.9348534201954397,0.9896551724137931,0.25
80270,0.957,0.9399656946826758,0.9856115107913669,0.25
81270,0.963,0.9340866290018832,0.9959839357429718,0.25
82270,0.965,0.9473684210526315,0.9908256880733946,0.25
83270,0.954,0.926829268292683,0.9698375870069605,0.25
84270,0.968,0.9469548133595285,0.9897330595482546,0.25
85270,0.964,0.9331742243436754,0.9799498746867168,0.25
86270,0.978,0.9496402877697842,0.9974811083123426,0.25
87270,0.954,0.8701298701298701,0.9262672811059908,0.25
88270,0.915,0.32989690721649484,0.6153846153846154,0.25
89270,0.924,0.6810810810810811,0.8811188811188811,0.25
90270,0.948,0.7714285714285715,0.9183673469387755,0.25
91270,0.954,0.8372093023255814,0.9424083769633508,0.25
92270,0.961,0.8198757763975155,0.9295774647887324,0.25
93270,0.947,0.8298755186721992,0.9433962264150944,0.25
94270,0.967,0.937046004842615,0.9822335025380711,0.25
95270,0.959,0.8216216216216217,0.95,0.25
96270,0.954,0.9321148825065274,0.946949602122016,0.25
97270,0.938,0.9378427787934186,0.9482439926062847,0.25
98270,0.949,0.8951612903225806,0.9652173913043478,0.25
99270,0.94,0.9319470699432892,0.9535783365570599,0.25
100270,0.964,0.947075208913649,0.9523809523809523,0.25
101270,0.925,0.8344827586206897,0.8996282527881041,0.25
102270,0.939,0.9066390041493776,0.9646799116997793,0.25
103270,0.946,0.8277310924369747,0.9380952380952381,0.25
104270,0.915,0.7370517928286853,0.9068627450980392,0.25
105270,0.933,0.8327402135231317,0.9212598425196851,0.25
106270,0.93,0.955810147299509,0.9314194577352473,0.25
107270,0.914,0.6615384615384615,0.8657718120805369,0.25
108270,0.936,0.7641921397379913,0.9459459459459459,0.25
109270,0.922,0.9466666666666667,0.9085923217550275,0.25
110270,0.929,0.9181034482758621,0.9281045751633987,0.25
111270,0.905,0.9459962756052142,0.8850174216027874,0.25
112270,0.916,0.9192307692307692,0.9192307692307692,0.25
113270,0.932,0.9326732673267327,0.9326732673267327,0.25
114270,0.904,0.8938992042440318,0.8575063613231552,0.25
115270,0.914,0.9488117001828154,0.8994800693240901,0.25
116270,0.902,0.8690176322418136,0.8823529411764706,0.25
117270,0.934,0.9318181818181818,0.9425287356321839,0.25
118270,0.94,0.9675572519083969,0.9218181818181819,0.25
119270,0.935,0.9054441260744985,0.9080459770114943,0.25
120270,0.934,0.9357326478149101,0.8987654320987655,0.25
121270,0.936,0.9386792452830188,0.9128440366972477,0.25
122270,0.928,0.9142857142857143,0.8421052631578947,0.25
123270,0.927,0.9704251386321626,0.9020618556701031,0.25
124270,0.928,0.8992443324937027,0.9177377892030848,0.25
125270,0.943,0.9747747747747748,0.9263698630136986,0.25
126270,0.924,0.9244791666666666,0.8830845771144279,0.25
127270,0.933,0.9141914191419142,0.8710691823899371,0.25
128270,0.949,0.9400479616306955,0.937799043062201,0.25
129270,0.932,0.9291784702549575,0.8840970350404312,0.25
130270,0.904,0.9431137724550899,0.9156976744186046,0.25
131270,0.898,0.9591240875912409,0.8987688098495212,0.25
132270,0.85,0.92992700729927,0.8619756427604871,0.25
133270,0.907,0.968299711815562,0.9044414535666218,0.25
134270,0.905,0.9376026272577996,0.9092356687898089,0.25
135270,0.921,0.9596231493943472,0.9356955380577427,0.25
136270,0.947,0.9770114942528736,0.95625,0.25
137270,0.909,0.9660766961651918,0.9059474412171508,0.25
138270,0.909,0.9648876404494382,0.9123505976095617,0.25
139270,0.937,0.9854111405835544,0.9345911949685535,0.25
140270,0.865,0.9938195302843016,0.860813704496788,0.25
141270,0.934,0.9953379953379954,0.9323144104803494,0.25
142270,0.947,0.9922737306843267,0.9513227513227513,0.25
143270,0.909,0.9905882352941177,0.9102702702702703,0.25
144270,0.94,0.9897260273972602,0.9444444444444444,0.25
145270,0.939,0.9893364928909952,0.9413754227733935,0.25
146270,0.958,0.9943502824858758,0.9596510359869138,0.25
147270,0.946,0.9865319865319865,0.9543973941368078,0.25
148270,0.954,0.989749430523918,0.9591611479028698,0.25
149270,0.93,0.9932960893854749,0.9328436516264428,0.25
150270,0.949,0.988558352402746,0.9546961325966851,0.25
151270,0.915,0.9896432681242808,0.9188034188034188,0.25
152270,0.946,0.9919908466819222,0.9485776805251641,0.25
153270,0.958,0.9814169570267132,0.9701492537313433,0.25
154270,0.925,0.9759493670886076,0.932285368802902,0.25
155270,0.904,0.9376299376299376,0.8723404255319149,0.25
156270,0.9,0.9600725952813067,0.871499176276771,0.25
157270,0.941,0.9742351046698873,0.933641975308642,0.25
158270,0.952,0.9852459016393442,0.9390625,0.25
159270,0.942,0.9764521193092621,0.9353383458646617,0.25
160270,0.965,0.990521327014218,0.9557926829268293,0.25
161270,0.966,0.9875,0.9604863221884499,0.25
162270,0.953,0.9658914728682171,0.9614197530864198,0.25
163270,0.975,0.9893617021276596,0.9730941704035875,0.25
164270,0.969,0.99375,0.9592760180995475,0.25
165270,0.96,0.9821428571428571,0.9542586750788643,0.25
166270,0.968,0.9790104947526237,0.9731743666169895,0.25
167270,0.964,0.9775641025641025,0.9651898734177216,0.25
168270,0.955,0.9635811836115327,0.9679878048780488,0.25
169270,0.963,0.9772727272727273,0.967016491754123,0.25
170270,0.974,0.9904761904761905,0.968944099378882,0.25
171270,0.971,0.9833836858006042,0.9730941704035875,0.25
172270,0.963,0.9753846153846154,0.9679389312977099,0.25
173270,0.963,0.9814241486068112,0.9620637329286799,0.25
174270,0.955,0.9767080745341615,0.9544764795144158,0.25
175270,0.973,0.9908256880733946,0.968609865470852,0.25
176270,0.973,0.9921996879875195,0.9665653495440729,0.25
177270,0.965,0.9774096385542169,0.9701046337817638,0.25
178270,0.953,0.9725190839694656,0.9564564564564565,0.25
179270,0.921,0.9684065934065934,0.926412614980289,0.25
180270,0.974,0.985981308411215,0.9738461538461538,0.25
181270,0.965,0.995398773006135,0.9530102790014684,0.25
182270,0.965,0.9922600619195047,0.9552906110283159,0.25
183270,0.981,0.9954954954954955,0.9764359351988218,0.25
184270,0.959,0.9936,0.9437689969604863,0.25
185270,0.963,0.9965694682675815,0.9431818181818182,0.25
186270,0.98,0.9953775038520801,0.9743589743589743,0.25
187270,0.968,0.9922118380062306,0.9593373493975904,0.25
188270,0.956,0.9694656488549618,0.9635811836115327,0.25
189270,0.964,0.9842022116903634,0.9599383667180277,0.25
190270,0.954,0.9670014347202296,0.9670014347202296,0.25
191270,0.946,0.9601706970128022,0.9629101283880172,0.25
192270,0.868,0.9881656804733728,0.8434343434343434,0.25
193270,0.764,0.9903100775193798,0.6886792452830188,0.25
194270,0.845,0.9981981981981982,0.7824858757062146,0.25
195270,0.823,0.9897959183673469,0.7382039573820396,0.25
196270,0.856,0.9964285714285714,0.7971428571428572,0.25
197270,0.871,0.9952904238618524,0.8342105263157895,0.25
198270,0.996,0.9989868287740629,0.9969666329625885,0.25
199270,0.998,1.0,0.9979859013091642,0.25
200270,0.932,0.9974968710888611,0.9235225955967555,0.25
201270,0.801,1.0,0.7590799031476998,0.25
202270,0.877,1.0,0.825531914893617,0.25
203270,0.892,0.9966777408637874,0.8498583569405099,0.25
204270,0.893,0.9905660377358491,0.8618331053351573,0.25
205270,0.921,0.9948542024013722,0.8841463414634146,0.25
206270,0.908,0.9896729776247849,0.869894099848714,0.25
207270,0.914,0.9963302752293578,0.8660287081339713,0.25
208270,0.871,0.998533724340176,0.8417799752781211,0.25
209270,0.896,0.9969924812030075,0.8666666666666667,0.25
210270,0.89,0.9949409780775716,0.8464849354375896,0.25
211270,0.891,0.9983606557377049,0.8493723849372385,0.25
212270,0.923,0.9984276729559748,0.8931082981715893,0.25
213270,0.921,0.9984301412872841,0.8907563025210085,0.25
214270,0.9,0.9956268221574344,0.8756410256410256,0.25
215270,0.801,0.9896907216494846,0.712166172106825,0.25
216270,0.846,1.0,0.8072590738423029,0.25
217270,0.908,1.0,0.8707865168539326,0.25
218270,0.923,0.9908256880733946,0.8823529411764706,0.25
219270,0.939,0.9962894248608535,0.9010067114093959,0.25
220270,0.925,0.9964285714285714,0.884310618066561,0.25
221270,0.931,0.9947826086956522,0.896551724137931,0.25
222270,0.902,1.0,0.868632707774799,0.25
223270,0.917,0.9946524064171123,0.8746081504702194,0.25
224270,0.871,0.9876796714579056,0.7963576158940397,0.25
225270,0.872,0.99,0.8009708737864077,0.25
226270,0.949,0.9910714285714286,0.9234608985024958,0.25
227270,0.91,0.9985250737463127,0.8838120104438643,0.25
228270,0.949,0.9959758551307847,0.9099264705882353,0.25
229270,0.953,0.9935897435897436,0.9135559921414538,0.25
230270,0.95,0.99,0.9166666666666666,0.25
231270,0.949,0.9884615384615385,0.9194991055456172,0.25
232270,0.919,0.9970414201183432,0.8950863213811421,0.25
233270,0.926,0.9879275653923542,0.8783542039355993,0.25
234270,0.939,0.9940828402366864,0.896797153024911,0.25
235270,0.953,0.9880715705765407,0.9237918215613383,0.25
236270,0.945,0.9949579831932773,0.9192546583850931,0.25
237270,0.954,0.9954337899543378,0.9383070301291249,0.25
238270,0.914,0.9879759519038076,0.8603839441535777,0.25
239270,0.94,0.9948979591836735,0.9112149532710281,0.25
240270,0.95,0.9925373134328358,0.9204152249134948,0.25
241270,0.942,0.9923224568138196,0.9054290718038529,0.25
242270,0.954,0.9966887417218543,0.9318885448916409,0.25
243270,0.955,0.9957983193277311,0.9168278529980658,0.25
244270,0.943,0.9918864097363083,0.9022140221402214,0.25
245270,0.951,0.9909420289855072,0.9255499153976311,0.25
246270,0.945,0.9934065934065934,0.8968253968253969,0.25
247270,0.904,0.9964664310954063,0.8571428571428571,0.25
248270,0.907,0.9882629107981221,0.8271119842829077,0.25
249270,0.952,0.9910313901345291,0.9094650205761317,0.25
250270,0.945,0.9883040935672515,0.9118705035971223,0.25
251270,0.94,0.9964285714285714,0.9058441558441559,0.25
252270,0.909,0.9959266802443992,0.8460207612456747,0.25
253270,0.871,0.9956427015250545,0.7825342465753424,0.25
254270,0.857,0.9915966386554622,0.7725040916530278,0.25
255270,0.859,0.9856801909307876,0.7536496350364964,0.25
256270,0.872,1.0,0.8234482758620689,0.25
257270,0.915,1.0,0.8768115942028986,0.25
258270,0.93,0.9964028776978417,0.8906752411575563,0.25
259270,0.924,0.9954887218045113,0.9006802721088435,0.25
260270,0.944,0.9984962406015038,0.9235048678720446,0.25
261270,0.93,0.9968,0.9015918958031838,0.25
262270,0.912,0.9984825493171472,0.8832214765100671,0.25
263270,0.916,0.9970631424375918,0.8922470433639947,0.25
264270,0.919,0.9966216216216216,0.8819133034379671,0.25
265270,0.939,0.9922239502332815,0.9193083573487032,0.25
266270,0.909,0.9907120743034056,0.8827586206896552,0.25
267270,0.9371833839918946,0.9922118380062306,0.9178674351585014,0.25
0,1.0,0.0,0.0,0.5
10,0.55,0.0,0.0,0.5
30,0.9,1.0,0.7647058823529411,0.5
70,0.825,1.0,0.5882352941176471,0.5
150,0.85,1.0,0.5636363636363636,0.5
310,0.8875,1.0,0.6896551724137931,0.5
630,0.9234375,1.0,0.776255707762557,0.5
1270,0.919,1.0,0.779891304347826,0.5
2270,0.95,1.0,0.8563218390804598,0.5
3270,0.951,1.0,0.8579710144927536,0.5
4270,0.959,1.0,0.8825214899713467,0.5
5270,0.973,1.0,0.9224137931034483,0.5
6270,0.974,1.0,0.9273743016759777,0.5
7270,0.98,0.997134670487106,0.9482288828337875,0.5
8270,0.974,1.0,0.9248554913294798,0.5
9270,0.978,1.0,0.9382022471910112,0.5
10270,0.752,0.9957264957264957,0.48541666666666666,0.5
11270,0.651,0.9967213114754099,0.4662576687116564,0.5
12270,0.73,0.9946236559139785,0.5799373040752351,0.5
13270,0.772,0.99,0.6387096774193548,0.5
14270,0.817,0.9955849889624724,0.7136075949367089,0.5
15270,0.818,0.9916492693110647,0.7274119448698315,0.5
16270,0.841,0.9979674796747967,0.7565485362095532,0.5
17270,0.87,0.9941634241245136,0.8009404388714734,0.5
18270,0.883,0.9961089494163424,0.8165869218500797,0.5
19270,0.898,0.998062015503876,0.836038961038961,0.5
20270,0.898,0.9908592321755028,0.8482003129890454,0.5
21270,0.903,0.9964221824686941,0.8542944785276073,0.5
22270,0.922,0.9982425307557118,0.8806201550387597,0.5
23270,0.95,0.9964601769911504,0.9214402618657938,0.5
24270,0.956,0.9982935153583617,0.9315286624203821,0.5
25270,0.964,0.9950576606260296,0.9481946624803768,0.5
26270,0.962,0.9935897435897436,0.9480122324159022,0.5
27270,0.971,0.9948186528497409,0.9568106312292359,0.5
28270,0.975,0.9966216216216216,0.9624796084828712,0.5
29270,0.978,1.0,0.9656786271450858,0.5
30270,0.977,0.9937205651491365,0.9708588957055214,0.5
31270,0.971,0.9936708860759493,0.9617151607963247,0.5
32270,0.977,0.9935064935064936,0.9698890649762282,0.5
33270,0.98,0.9966101694915255,0.9702970297029703,0.5
34270,0.981,0.9968253968253968,0.9736434108527132,0.5
35270,0.981,0.996694214876033,0.9725806451612903,0.5
36270,0.972,0.9889589905362776,0.9675925925925926,0.5
37270,0.987,0.9952830188679245,0.9844479004665629,0.5
38270,0.983,0.9952456418383518,0.9781931464174455,0.5
39270,0.99,0.9951298701298701,0.9887096774193549,0.5
40270,0.986,0.9904306220095693,0.9872813990461049,0.5
41270,0.989,0.9952076677316294,0.9873217115689382,0.5
42270,0.991,0.9983525535420099,0.9869706840390879,0.5
43270,0.99,0.9984326018808778,0.9860681114551083,0.5
44270,0.989,0.9935691318327974,0.9888,0.5
45270,0.994,0.9967689822294022,0.9935587761674718,0.5
46270,0.987,0.9892141756548536,0.9907407407407407,0.5
47270,0.991,0.9984202211690363,0.9875,0.5
48270,0.985,0.9870967741935484,0.9886914378029079,0.5
49270,0.993,0.9968701095461658,0.9922118380062306,0.5
50270,0.985,0.9872,0.9887820512820513,0.5
51270,0.996,0.998389694041868,0.9951845906902087,0.5
52270,0.991,0.9954268292682927,0.9908952959028832,0.5
53270,0.984,0.9902120717781403,0.9837925445705025,0.5
54270,0.989,0.9889937106918238,0.9936808846761453,0.5
55270,0.993,0.9940298507462687,0.9955156950672646,0.5
56270,0.987,0.9919484702093397,0.9871794871794872,0.5
57270,0.993,0.9936507936507937,0.9952305246422893,0.5
58270,0.987,0.9903536977491961,0.9887640449438202,0.5
59270,0.995,0.9953846153846154,0.9969183359013868,0.5
60270,0.99,0.9887820512820513,0.9951612903225806,0.5
61270,0.993,0.9951845906902087,0.9935897435897436,0.5
62270,0.967,0.986764705882353,0.9654676258992806,0.5
63270,0.976,0.9855595667870036,0.9855595667870036,0.5
64270,0.973,0.9963985594237695,0.9718969555035128,0.5
65270,0.967,0.9888475836431226,0.9708029197080292,0.5
66270,0.977,0.9854497354497355,0.9841479524438573,0.5
67270,0.966,0.9802890932982917,0.9751633986928104,0.5
68270,0.982,0.9887920298879203,0.9887920298879203,0.5
69270,0.965,0.9723756906077348,0.9791376912378303,0.5
70270,0.982,0.9912280701754386,0.986284289276808,0.5
71270,0.976,0.9813200498132005,0.9887076537013801,0.5
72270,0.964,0.969208211143695,0.977810650887574,0.5
73270,0.969,0.9705882352941176,0.9857752489331437,0.5
74270,0.95,0.9606986899563319,0.9663250366032211,0.5
75270,0.962,0.9608865710560626,0.9892617449664429,0.5
76270,0.963,0.9548660084626234,0.9926686217008798,0.5
77270,0.932,0.9064856711915535,0.9901153212520593,0.5
78270,0.952,0.9544159544159544,0.9766763848396501,0.5
79270,0.954,0.9362745098039216,0.9879310344827587,0.5
80270,0.96,0.9479166666666666,0.9820143884892086,0.5
81270,0.961,0.9404990403071017,0.9839357429718876,0.5
82270,0.966,0.9506172839506173,0.9889908256880734,0.5
83270,0.956,0.9328859060402684,0.9675174013921114,0.5
84270,0.973,0.9563492063492064,0.9897330595482546,0.5
85270,0.96,0.9367396593673966,0.9649122807017544,0.5
86270,0.976,0.9559902200488998,0.9848866498740554,0.5
87270,0.953,0.8794642857142857,0.9078341013824884,0.5
88270,0.92,0.34444444444444444,0.5961538461538461,0.5
89270,0.93,0.7039106145251397,0.8811188811188811,0.5
90270,0.955,0.8035714285714286,0.9183673469387755,0.5
91270,0.956,0.8450704225352113,0.9424083769633508,0.5
92270,0.963,0.8343949044585988,0.9225352112676056,0.5
93270,0.951,0.8438818565400844,0.9433962264150944,0.5
94270,0.967,0.941320293398533,0.9771573604060914,0.5
95270,0.964,0.848314606741573,0.94375,0.5
96270,0.95,0.936,0.9310344827586207,0.5
97270,0.939,0.9428044280442804,0.944547134935305,0.5
98270,0.945,0.8961748633879781,0.9507246376811594,0.5
99270,0.912,0.9333333333333333,0.8936170212765957,0.5
100270,0.963,0.949438202247191,0.9467787114845938,0.5
101270,0.922,0.8398576512455516,0.8773234200743495,0.5
102270,0.932,0.9069767441860465,0.9470198675496688,0.5
103270,0.948,0.8376068376068376,0.9333333333333333,0.5
104270,0.922,0.7625,0.8970588235294118,0.5
105270,0.931,0.8363636363636363,0.905511811023622,0.5
106270,0.92,0.9550748752079867,0.9154704944178629,0.5
107270,0.924,0.6972972972972973,0.8657718120805369,0.5
108270,0.944,0.7945205479452054,0.9405405405405406,0.5
109270,0.914,0.9546351084812623,0.8848263254113345,0.5
110270,0.929,0.9254385964912281,0.9193899782135077,0.5
111270,0.892,0.946360153256705,0.8606271777003485,0.5
112270,0.908,0.9212598425196851,0.9,0.5
113270,0.927,0.937246963562753,0.9168316831683169,0.5
114270,0.896,0.8937329700272479,0.8346055979643766,0.5
115270,0.91,0.9517625231910947,0.8890814558058926,0.5
116270,0.901,0.8705583756345178,0.8772378516624041,0.5
117270,0.93,0.9329501915708812,0.9329501915708812,0.5
118270,0.942,0.9730769230769231,0.92,0.5
119270,0.933,0.9120234604105572,0.8936781609195402,0.5
120270,0.931,0.9397905759162304,0.8864197530864197,0.5
121270,0.938,0.9495192307692307,0.9059633027522935,0.5
122270,0.928,0.9202898550724637,0.8355263157894737,0.5
123270,0.919,0.9699812382739212,0.8883161512027491,0.5
124270,0.925,0.904639175257732,0.9023136246786633,0.5
125270,0.939,0.97632058287796,0.9178082191780822,0.5
126270,0.92,0.9259259259259259,0.8706467661691543,0.5
127270,0.924,0.9172413793103448,0.8364779874213837,0.5
128270,0.948,0.9420289855072463,0.9330143540669856,0.5
129270,0.926,0.9279538904899135,0.8679245283018868,0.5
130270,0.896,0.9424242424242424,0.9040697674418605,0.5
131270,0.892,0.9601181683899557,0.8891928864569083,0.5
132270,0.838,0.9338345864661655,0.8403247631935047,0.5
133270,0.89,0.9688888888888889,0.8802153432032301,0.5
134270,0.898,0.939799331103679,0.8949044585987261,0.5
135270,0.915,0.9592944369063772,0.9278215223097113,0.5
136270,0.943,0.9768934531450578,0.95125,0.5
137270,0.894,0.9667170953101362,0.8838174273858921,0.5
138270,0.904,0.9659574468085106,0.9043824701195219,0.5
139270,0.929,0.9865591397849462,0.9232704402515723,0.5
140270,0.858,0.995,0.8522483940042827,0.5
141270,0.93,0.9953161592505855,0.9279475982532751,0.5
142270,0.941,0.9922222222222222,0.944973544973545,0.5
143270,0.901,0.9904988123515439,0.9016216216216216,0.5
144270,0.933,0.9907727797001153,0.9357298474945533,0.5
145270,0.933,0.9892601431980907,0.9346110484780158,0.5
146270,0.947,0.994279176201373,0.9476553980370774,0.5
147270,0.934,0.9863481228668942,0.9413680781758957,0.5
148270,0.95,0.9897025171624714,0.9547461368653422,0.5
149270,0.925,0.9932584269662922,0.9275970619097587,0.5
150270,0.947,0.9896551724137931,0.9513812154696133,0.5
151270,0.908,0.9895591647331786,0.9113247863247863,0.5
152270,0.938,0.9919168591224018,0.9398249452954048,0.5
153270,0.952,0.9824150058616647,0.9621125143513203,0.5
154270,0.922,0.9758576874205845,0.9286577992744861,0.5
155270,0.896,0.9440860215053763,0.8491295938104448,0.5
156270,0.883,0.9640151515151515,0.8385502471169687,0.5
157270,0.938,0.9787581699346405,0.9243827160493827,0.5
158270,0.939,0.9881956155143339,0.915625,0.5
159270,0.932,0.9791332263242376,0.9172932330827067,0.5
160270,0.955,0.9903691813804173,0.9405487804878049,0.5
161270,0.956,0.9888535031847133,0.9437689969604863,0.5
162270,0.948,0.9685534591194969,0.9506172839506173,0.5
163270,0.959,0.9921630094043887,0.9461883408071748,0.5
164270,0.961,0.9936708860759493,0.947209653092006,0.5
165270,0.958,0.9868421052631579,0.9463722397476341,0.5
166270,0.962,0.9817351598173516,0.9612518628912071,0.5
167270,0.959,0.9789303079416531,0.9556962025316456,0.5
168270,0.953,0.967741935483871,0.9603658536585366,0.5
169270,0.961,0.9815950920245399,0.95952023988006,0.5
170270,0.972,0.9904458598726115,0.9658385093167702,0.5
171270,0.969,0.9848024316109423,0.968609865470852,0.5
172270,0.959,0.9752321981424149,0.9618320610687023,0.5
173270,0.959,0.9813084112149533,0.9559939301972686,0.5
174270,0.951,0.9780564263322884,0.9468892261001517,0.5
175270,0.969,0.9922839506172839,0.9611360239162929,0.5
176270,0.965,0.9921011058451816,0.9544072948328267,0.5
177270,0.959,0.9786585365853658,0.9596412556053812,0.5
178270,0.951,0.9724349157733537,0.9534534534534534,0.5
179270,0.917,0.973463687150838,0.9159001314060446,0.5
180270,0.971,0.9874411302982732,0.9676923076923077,0.5
181270,0.963,0.9953846153846154,0.9500734214390602,0.5
182270,0.96,0.9937402190923318,0.9463487332339792,0.5
183270,0.974,0.9969558599695586,0.9646539027982327,0.5
184270,0.955,0.9951534733441034,0.9361702127659575,0.5
185270,0.961,0.9965576592082617,0.939935064935065,0.5
186270,0.974,0.995334370139969,0.9653092006033183,0.5
187270,0.962,0.9921383647798742,0.9503012048192772,0.5
188270,0.952,0.9692780337941628,0.9575113808801214,0.5
189270,0.961,0.9841269841269841,0.9553158705701078,0.5
190270,0.952,0.9723435225618632,0.9583931133428981,0.5
191270,0.942,0.9652677279305355,0.9514978601997147,0.5
192270,0.859,0.9894736842105263,0.8308080808080808,0.5
193270,0.759,0.9902152641878669,0.6819407008086253,0.5
194270,0.842,0.9981884057971014,0.7782485875706214,0.5
195270,0.817,0.9896694214876033,0.7290715372907154,0.5
196270,0.849,0.9963833634719711,0.7871428571428571,0.5
197270,0.867,0.995260663507109,0.8289473684210527,0.5
198270,0.996,0.9989868287740629,0.9969666329625885,0.5
199270,0.998,1.0,0.9979859013091642,0.5
200270,0.926,0.9974779319041615,0.9165701042873696,0.5
201270,0.795,1.0,0.7518159806295399,0.5
202270,0.874,1.0,0.8212765957446808,0.5
203270,0.884,0.9966329966329966,0.8385269121813032,0.5
204270,0.88,0.9903691813804173,0.8440492476060192,0.5
205270,0.916,0.9948096885813149,0.8765243902439024,0.5
206270,0.887,0.9892857142857143,0.8381240544629349,0.5
207270,0.91,0.9963031423290203,0.8596491228070176,0.5
208270,0.85,0.9984871406959153,0.8158220024721878,0.5
209270,0.893,0.9969788519637462,0.8627450980392157,0.5
210270,0.883,0.9948805460750854,0.836441893830703,0.5
211270,0.886,0.9983471074380166,0.8423988842398884,0.5
212270,0.917,0.9984126984126984,0.8846694796061885,0.5
213270,0.913,0.9984101748807631,0.8795518207282913,0.5
214270,0.9,0.9956268221574344,0.8756410256410256,0.5
215270,0.795,0.9895615866388309,0.7032640949554896,0.5
216270,0.835,1.0,0.7934918648310388,0.5
217270,0.903,1.0,0.8637640449438202,0.5
218270,0.915,0.9906890130353817,0.869281045751634,0.5
219270,0.926,0.9961977186311787,0.8791946308724832,0.5
220270,0.918,0.9963833634719711,0.873217115689382,0.5
221270,0.923,0.9947089947089947,0.8840125391849529,0.5
222270,0.893,1.0,0.8565683646112601,0.5
223270,0.912,0.9946043165467626,0.8667711598746082,0.5
224270,0.868,0.987603305785124,0.7913907284768212,0.5
225270,0.865,0.9898580121703854,0.7896440129449838,0.5
226270,0.945,0.9910071942446043,0.9168053244592346,0.5
227270,0.903,0.9985096870342772,0.8746736292428199,0.5
228270,0.906,0.9955947136563876,0.8308823529411765,0.5
229270,0.952,0.9935760171306209,0.9115913555992141,0.5
230270,0.944,0.9898785425101214,0.9055555555555556,0.5
231270,0.946,0.988394584139265,0.9141323792486583,0.5
232270,0.914,0.9970193740685543,0.8884462151394422,0.5
233270,0.918,0.9897330595482546,0.8622540250447227,0.5
234270,0.935,0.9940357852882704,0.8896797153024911,0.5
235270,0.949,0.9899396378269618,0.9144981412639405,0.5
236270,0.936,0.9948805460750854,0.90527950310559,0.5
237270,0.949,0.9969230769230769,0.9296987087517934,0.5
238270,0.909,0.9878542510121457,0.8516579406631762,0.5
239270,0.938,0.9948805460750854,0.9080996884735203,0.5
240270,0.947,0.9924953095684803,0.9152249134948097,0.5
241270,0.937,0.9922480620155039,0.8966725043782837,0.5
242270,0.95,0.9966666666666667,0.9256965944272446,0.5
243270,0.954,0.9957894736842106,0.9148936170212766,0.5
244270,0.937,0.9917864476386037,0.8911439114391144,0.5
245270,0.945,0.9908424908424909,0.9153976311336718,0.5
246270,0.942,0.9933628318584071,0.8908730158730159,0.5
247270,0.9,0.99644128113879,0.851063829787234,0.5
248270,0.9,0.9880668257756563,0.8133595284872298,0.5
249270,0.948,0.9909502262443439,0.9012345679012346,0.5
250270,0.937,0.9881188118811881,0.8974820143884892,0.5
251270,0.939,0.9964221824686941,0.9042207792207793,0.5
252270,0.905,0.9958932238193019,0.8391003460207612,0.5
253270,0.867,0.9956043956043956,0.7756849315068494,0.5
254270,0.849,0.9914529914529915,0.7594108019639935,0.5
255270,0.854,0.9855072463768116,0.7445255474452555,0.5
256270,0.869,1.0,0.8193103448275862,0.5
257270,0.905,1.0,0.8623188405797102,0.5
258270,0.921,0.9963436928702011,0.8762057877813505,0.5
259270,0.919,0.9954545454545455,0.8938775510204081,0.5
260270,0.936,0.9984779299847792,0.9123783031988874,0.5
261270,0.926,0.9967793880837359,0.8958031837916064,0.5
262270,0.907,0.9984709480122325,0.876510067114094,0.5
263270,0.913,0.9970501474926253,0.8883048620236531,0.5
264270,0.913,0.9965870307167235,0.8729446935724963,0.5
265270,0.936,0.9921875,0.9149855907780979,0.5
266270,0.907,0.9906832298136646,0.88,0.5
267270,0.92806484295846,0.9921011058451816,0.9048991354466859,0.5
0,1.0,0.0,0.0,0.75
10,0.55,0.0,0.0,0.75
30,0.85,1.0,0.6470588235294118,0.75
70,0.8,1.0,0.5294117647058824,0.75
150,0.85,1.0,0.5636363636363636,0.75
310,0.88125,1.0,0.6724137931034483,0.75
630,0.9203125,1.0,0.7671232876712328,0.75
1270,0.915,1.0,0.7690217391304348,0.75
2270,0.946,1.0,0.8448275862068966,0.75
3270,0.951,1.0,0.8579710144927536,0.75
4270,0.958,1.0,0.8796561604584527,0.75
5270,0.972,1.0,0.9195402298850575,0.75
6270,0.973,1.0,0.9245810055865922,0.75
7270,0.977,0.9971098265895953,0.9400544959128065,0.75
8270,0.974,1.0,0.9248554913294798,0.75
9270,0.975,1.0,0.9297752808988764,0.75
10270,0.745,0.9955947136563876,0.4708333333333333,0.75
11270,0.64,0.9965986394557823,0.4493865030674847,0.75
12270,0.716,0.9971910112359551,0.5564263322884012,0.75
13270,0.766,0.9923469387755102,0.6274193548387097,0.75
14270,0.797,0.9953810623556582,0.6819620253164557,0.75
15270,0.808,0.9935760171306209,0.7105666156202144,0.75
16270,0.831,0.9979253112033195,0.7411402157164869,0.75
17270,0.863,1.0,0.7852664576802508,0.75
18270,0.87,0.9960079840319361,0.79585326953748,0.75
19270,0.893,0.9980430528375733,0.827922077922078,0.75
20270,0.888,0.9925233644859813,0.8309859154929577,0.75
21270,0.899,0.9963963963963964,0.848159509202454,0.75
22270,0.913,0.9982142857142857,0.8666666666666667,0.75
23270,0.916,0.9962335216572504,0.8657937806873978,0.75
24270,0.927,0.9982046678635548,0.8853503184713376,0.75
25270,0.933,0.9965156794425087,0.8979591836734694,0.75
26270,0.924,0.9948630136986302,0.8883792048929664,0.75
27270,0.947,0.9945945945945946,0.9169435215946844,0.75
28270,0.948,0.9964601769911504,0.9184339314845025,0.75
29270,0.949,1.0,0.9204368174726989,0.75
30270,0.946,0.9933993399339934,0.9233128834355828,0.75
31270,0.952,0.9967159277504105,0.9295558958652373,0.75
32270,0.935,0.9930313588850174,0.9033280507131537,0.75
33270,0.943,0.9963833634719711,0.9092409240924092,0.75
34270,0.95,0.996661101836394,0.9255813953488372,0.75
35270,0.944,0.9982332155477032,0.9112903225806451,0.75
36270,0.94,0.9916387959866221,0.9151234567901234,0.75
37270,0.959,0.9950657894736842,0.9409020217729394,0.75
38270,0.941,0.9965928449744463,0.9112149532710281,0.75
39270,0.948,0.9947735191637631,0.9209677419354839,0.75
40270,0.964,0.9933444259567388,0.9491255961844197,0.75
41270,0.96,0.9949748743718593,0.9413629160063391,0.75
42270,0.963,0.998272884283247,0.9413680781758957,0.75
43270,0.96,1.0,0.9380804953560371,0.75
44270,0.956,0.9932088285229203,0.936,0.75
45270,0.966,0.9966159052453468,0.9484702093397746,0.75
46270,0.957,0.9902755267423015,0.9429012345679012,0.75
47270,0.962,0.9983443708609272,0.9421875,0.75
48270,0.963,0.988255033557047,0.9515347334410339,0.75
49270,0.962,0.9967105263157895,0.9439252336448598,0.75
50270,0.962,0.9883333333333333,0.9503205128205128,0.75
51270,0.952,0.9982668977469671,0.9245585874799358,0.75
52270,0.957,0.9951768488745981,0.9393019726858877,0.75
53270,0.952,0.9896729776247849,0.9319286871961102,0.75
54270,0.956,0.9900166389351082,0.9399684044233807,0.75
55270,0.965,0.9937694704049844,0.953662182361734,0.75
56270,0.964,0.9932885906040269,0.9487179487179487,0.75
57270,0.963,0.9933333333333333,0.9475357710651828,0.75
58270,0.963,0.9949324324324325,0.9454253611556982,0.75
59270,0.967,0.9951768488745981,0.9537750385208013,0.75
60270,0.96,0.9882154882154882,0.9467741935483871,0.75
61270,0.959,0.9949066213921901,0.9391025641025641,0.75
62270,0.898,0.9900826446280991,0.8618705035971223,0.75
63270,0.868,0.9874476987447699,0.851985559566787,0.75
64270,0.857,0.9985974754558204,0.8337236533957846,0.75
65270,0.901,0.9945280437756497,0.8844282238442822,0.75
66270,0.94,0.9860529986052998,0.9339498018494056,0.75
67270,0.94,0.9822161422708618,0.938562091503268,0.75
68270,0.905,0.987603305785124,0.8929016189290162,0.75
69270,0.942,0.9824817518248176,0.9360222531293463,0.75
70270,0.956,0.9973753280839895,0.9476309226932669,0.75
71270,0.897,0.9806094182825484,0.8883312421580929,0.75
72270,0.923,0.9761526232114467,0.908284023668639,0.75
73270,0.935,0.9833333333333333,0.9231863442389758,0.75
74270,0.904,0.9819376026272578,0.8755490483162518,0.75
75270,0.931,0.9787535410764873,0.9275167785234899,0.75
76270,0.897,0.9881956155143339,0.8592375366568915,0.75
77270,0.937,0.9689655172413794,0.9258649093904449,0.75
78270,0.907,0.9836867862969005,0.8790087463556852,0.75
79270,0.919,0.9628942486085343,0.8948275862068965,0.75
80270,0.916,0.9645669291338582,0.8812949640287769,0.75
81270,0.923,0.9646799116997793,0.8775100401606426,0.75
82270,0.951,0.9862745098039216,0.9229357798165138,0.75
83270,0.927,0.9543147208121827,0.8723897911832946,0.75
84270,0.927,0.9769585253456221,0.8706365503080082,0.75
85270,0.93,0.9713467048710601,0.849624060150376,0.75
86270,0.936,0.9690140845070423,0.8664987405541562,0.75
87270,0.952,0.9289340101522843,0.8433179723502304,0.75
88270,0.948,0.5,0.5,0.75
89270,0.945,0.8333333333333334,0.7692307692307693,0.75
90270,0.952,0.9380530973451328,0.7210884353741497,0.75
91270,0.962,0.9693251533742331,0.8272251308900523,0.75
92270,0.953,0.9357798165137615,0.7183098591549296,0.75
93270,0.947,0.9206349206349206,0.8207547169811321,0.75
94270,0.9,0.9835526315789473,0.7588832487309645,0.75
95270,0.949,0.957983193277311,0.7125,0.75
96270,0.906,0.9829351535836177,0.7639257294429708,0.75
97270,0.859,0.9926108374384236,0.744916820702403,0.75
98270,0.92,0.9925650557620818,0.7739130434782608,0.75
99270,0.859,0.9895833333333334,0.7350096711798839,0.75
100270,0.942,0.9933993399339934,0.8431372549019608,0.75
101270,0.924,0.9707317073170731,0.7397769516728625,0.75
102270,0.898,0.9808219178082191,0.7902869757174393,0.75
103270,0.957,0.9771428571428571,0.8142857142857143,0.75
104270,0.901,0.9487179487179487,0.5441176470588235,0.75
105270,0.943,0.9852216748768473,0.7874015748031497,0.75
106270,0.809,0.9932126696832579,0.7001594896331739,0.75
107270,0.934,0.9560439560439561,0.5838926174496645,0.75
108270,0.937,0.9552238805970149,0.6918918918918919,0.75
109270,0.854,0.9854721549636803,0.7440585009140768,0.75
110270,0.873,0.9689265536723164,0.7472766884531591,0.75
111270,0.85,0.9907407407407407,0.7456445993031359,0.75
112270,0.879,0.9950372208436724,0.7711538461538462,0.75
113270,0.881,0.9948717948717949,0.7683168316831683,0.75
114270,0.855,0.9920634920634921,0.6361323155216285,0.75
115270,0.828,0.9975429975429976,0.7036395147313691,0.75
116270,0.881,0.9892086330935251,0.7033248081841432,0.75
117270,0.882,0.9809523809523809,0.789272030651341,0.75
118270,0.898,0.9977777777777778,0.8163636363636364,0.75
119270,0.914,0.9816176470588235,0.7672413793103449,0.75
120270,0.909,0.9937106918238994,0.7802469135802469,0.75
121270,0.903,0.9941690962099126,0.7821100917431193,0.75
122270,0.907,0.9906976744186047,0.7006578947368421,0.75
123270,0.856,1.0,0.7525773195876289,0.75
124270,0.893,0.9862068965517241,0.7352185089974294,0.75
125270,0.794,1.0,0.6472602739726028,0.75
126270,0.888,0.9833333333333333,0.7338308457711443,0.75
127270,0.917,0.9835390946502057,0.7515723270440252,0.75
128270,0.937,0.9944289693593314,0.854066985645933,0.75
129270,0.916,1.0,0.7735849056603774,0.75
130270,0.835,0.9980952380952381,0.7616279069767442,0.75
131270,0.847,0.9965635738831615,0.7934336525307798,0.75
132270,0.805,0.9927536231884058,0.7415426251691475,0.75
133270,0.82,1.0,0.7577388963660835,0.75
134270,0.86,1.0,0.7770700636942676,0.75
135270,0.847,1.0,0.7992125984251969,0.75
136270,0.895,1.0,0.86875,0.75
137270,0.827,0.9981884057971014,0.7621023513139695,0.75
138270,0.785,0.9981481481481481,0.7158034528552457,0.75
139270,0.835,1.0,0.7924528301886793,0.75
140270,0.76,0.9985632183908046,0.7441113490364025,0.75
141270,0.823,1.0,0.8067685589519651,0.75
142270,0.884,1.0,0.8772486772486773,0.75
143270,0.822,1.0,0.8075675675675675,0.75
144270,0.812,1.0,0.7952069716775599,0.75
145270,0.83,1.0,0.8083427282976324,0.75
146270,0.838,1.0,0.8233369683751364,0.75
147270,0.858,1.0,0.8458197611292074,0.75
148270,0.877,1.0,0.8642384105960265,0.75
149270,0.824,1.0,0.8153200419727177,0.75
150270,0.878,1.0,0.8651933701657458,0.75
151270,0.835,1.0,0.8237179487179487,0.75
152270,0.823,1.0,0.8063457330415755,0.75
153270,0.861,0.9986376021798365,0.8415614236509759,0.75
154270,0.897,0.9972527472527473,0.8778718258766627,0.75
155270,0.878,0.9782082324455206,0.781431334622824,0.75
156270,0.854,0.9873150105708245,0.7693574958813838,0.75
157270,0.89,0.9803571428571428,0.8472222222222222,0.75
158270,0.887,0.9906890130353817,0.83125,0.75
159270,0.902,0.9964973730297724,0.8556390977443609,0.75
160270,0.899,0.9982046678635548,0.8475609756097561,0.75
161270,0.903,1.0,0.8525835866261399,0.75
162270,0.925,1.0,0.8842592592592593,0.75
163270,0.909,0.9982758620689656,0.8654708520179372,0.75
164270,0.921,0.9982935153583617,0.8823529411764706,0.75
165270,0.925,0.9964476021314387,0.8848580441640379,0.75
166270,0.922,0.986863711001642,0.8956780923994039,0.75
167270,0.929,0.9964601769911504,0.8908227848101266,0.75
168270,0.934,0.9916666666666667,0.9070121951219512,0.75
169270,0.916,0.986644407345576,0.8860569715142429,0.75
170270,0.923,1.0,0.8804347826086957,0.75
171270,0.928,0.9901477832512315,0.9013452914798207,0.75
172270,0.918,0.9948186528497409,0.8793893129770992,0.75
173270,0.925,0.9965986394557823,0.8892261001517451,0.75
174270,0.924,0.9915682967959528,0.8922610015174507,0.75
175270,0.915,0.9949152542372881,0.8774289985052317,0.75
176270,0.914,0.9948096885813149,0.8738601823708206,0.75
177270,0.921,0.9983108108108109,0.8834080717488789,0.75
178270,0.878,0.9909747292418772,0.8243243243243243,0.75
179270,0.885,0.9923780487804879,0.8554533508541393,0.75
180270,0.924,0.9965397923875432,0.8861538461538462,0.75
181270,0.934,1.0,0.9030837004405287,0.75
182270,0.913,0.9982935153583617,0.8718330849478391,0.75
183270,0.921,1.0,0.8836524300441826,0.75
184270,0.904,0.99822695035461,0.8556231003039514,0.75
185270,0.913,0.9981167608286252,0.8603896103896104,0.75
186270,0.93,1.0,0.8944193061840121,0.75
187270,0.922,0.9966101694915255,0.8855421686746988,0.75
188270,0.914,0.9965337954939342,0.8725341426403642,0.75
189270,0.916,0.9982363315696648,0.8721109399075501,0.75
190270,0.908,0.991869918699187,0.8751793400286944,0.75
191270,0.904,0.9950900163666121,0.8673323823109843,0.75
192270,0.82,0.9903846153846154,0.7803030303030303,0.75
193270,0.747,0.9959432048681541,0.6617250673854448,0.75
194270,0.832,1.0,0.7627118644067796,0.75
195270,0.798,0.9934924078091106,0.6971080669710806,0.75
196270,0.841,0.998158379373849,0.7742857142857142,0.75
197270,0.848,0.9983606557377049,0.8013157894736842,0.75
198270,0.994,0.9989847715736041,0.9949443882709808,0.75
199270,0.998,1.0,0.9979859013091642,0.75
200270,0.918,1.0,0.9049826187717266,0.75
201270,0.777,1.0,0.7300242130750605,0.75
202270,0.856,1.0,0.7957446808510639,0.75
203270,0.868,0.9982638888888888,0.8144475920679887,0.75
204270,0.819,0.992831541218638,0.7578659370725034,0.75
205270,0.869,0.9981024667931688,0.801829268292683,0.75
206270,0.876,0.9981447124304267,0.8139183055975794,0.75
207270,0.886,1.0,0.8181818181818182,0.75
208270,0.832,1.0,0.792336217552534,0.75
209270,0.873,0.9984375,0.8352941176470589,0.75
210270,0.867,1.0,0.8091822094691535,0.75
211270,0.871,1.0,0.8200836820083682,0.75
212270,0.899,1.0,0.8579465541490858,0.75
213270,0.894,0.9983606557377049,0.8529411764705882,0.75
214270,0.885,0.9985007496251874,0.8538461538461538,0.75
215270,0.772,0.9955555555555555,0.6646884272997032,0.75
216270,0.805,1.0,0.7559449311639549,0.75
217270,0.882,1.0,0.8342696629213483,0.75
218270,0.907,0.9980806142034548,0.8496732026143791,0.75
219270,0.919,1.0,0.8640939597315436,0.75
220270,0.915,1.0,0.8652931854199684,0.75
221270,0.915,0.9981981981981982,0.8683385579937304,0.75
222270,0.884,1.0,0.8445040214477212,0.75
223270,0.906,0.9963503649635036,0.8557993730407524,0.75
224270,0.864,0.9915966386554622,0.7814569536423841,0.75
225270,0.861,1.0,0.7750809061488673,0.75
226270,0.938,0.9944954128440368,0.9018302828618968,0.75
227270,0.896,0.9984939759036144,0.8655352480417755,0.75
228270,0.9,1.0,0.8161764705882353,0.75
229270,0.941,0.9977876106194691,0.8860510805500982,0.75
230270,0.93,0.9936974789915967,0.8759259259259259,0.75
231270,0.932,0.9959595959595959,0.8819320214669052,0.75
232270,0.9,0.9969558599695586,0.8698539176626826,0.75
233270,0.908,0.9936575052854123,0.8407871198568873,0.75
234270,0.92,0.9979338842975206,0.8594306049822064,0.75
235270,0.935,0.9978947368421053,0.8810408921933085,0.75
236270,0.926,0.9982517482517482,0.8866459627329193,0.75
237270,0.93,0.9968304278922345,0.9024390243902439,0.75
238270,0.896,0.9957716701902748,0.8219895287958116,0.75
239270,0.924,0.9982394366197183,0.883177570093458,0.75
240270,0.937,0.9961464354527938,0.8944636678200693,0.75
241270,0.927,0.9960159362549801,0.8756567425569177,0.75
242270,0.935,0.9965811965811966,0.9024767801857585,0.75
243270,0.948,1.0,0.8994197292069632,0.75
244270,0.931,0.9958071278825996,0.8763837638376384,0.75
245270,0.934,0.996219281663516,0.8917089678510999,0.75
246270,0.924,1.0,0.8492063492063492,0.75
247270,0.886,0.9963503649635036,0.8297872340425532,0.75
248270,0.893,0.9950738916256158,0.793713163064833,0.75
249270,0.942,0.9976744186046511,0.8827160493827161,0.75
250270,0.934,0.9939516129032258,0.8866906474820144,0.75
251270,0.929,0.9981718464351006,0.8863636363636364,0.75
252270,0.9,1.0,0.8269896193771626,0.75
253270,0.861,1.0,0.761986301369863,0.75
254270,0.841,0.9956140350877193,0.7430441898527005,0.75
255270,0.844,0.992462311557789,0.7208029197080292,0.75
256270,0.858,1.0,0.8041379310344827,0.75
257270,0.896,1.0,0.8492753623188406,0.75
258270,0.915,0.9981447124304267,0.864951768488746,0.75
259270,0.914,0.996937212863706,0.8857142857142857,0.75
260270,0.928,1.0,0.8998609179415855,0.75
261270,0.921,0.998371335504886,0.8871201157742402,0.75
262270,0.895,1.0,0.8590604026845637,0.75
263270,0.906,0.9970193740685543,0.8791064388961892,0.75
264270,0.907,0.996551724137931,0.8639760837070254,0.75
265270,0.931,0.9921259842519685,0.9077809798270894,0.75
266270,0.895,0.9920634920634921,0.8620689655172413,0.75
267270,0.9189463019250254,0.9935691318327974,0.8904899135446686,0.75
0,1.0,0.0,0.0,1.0
10,0.55,0.0,0.0,1.0
30,0.575,0.0,0.0,1.0
70,0.575,0.0,0.0,1.0
150,0.65625,0.0,0.0,1.0
310,0.6375,0.0,0.0,1.0
630,0.6578125,0.0,0.0,1.0
1270,0.632,0.0,0.0,1.0
2270,0.652,0.0,0.0,1.0
3270,0.655,0.0,0.0,1.0
4270,0.651,0.0,0.0,1.0
5270,0.652,0.0,0.0,1.0
6270,0.642,0.0,0.0,1.0
7270,0.633,0.0,0.0,1.0
8270,0.654,0.0,0.0,1.0
9270,0.644,0.0,0.0,1.0
10270,0.52,0.0,0.0,1.0
11270,0.348,0.0,0.0,1.0
12270,0.362,0.0,0.0,1.0
13270,0.38,0.0,0.0,1.0
14270,0.368,0.0,0.0,1.0
15270,0.347,0.0,0.0,1.0
16270,0.351,0.0,0.0,1.0
17270,0.362,0.0,0.0,1.0
18270,0.373,0.0,0.0,1.0
19270,0.384,0.0,0.0,1.0
20270,0.361,0.0,0.0,1.0
21270,0.348,0.0,0.0,1.0
22270,0.355,0.0,0.0,1.0
23270,0.389,0.0,0.0,1.0
24270,0.372,0.0,0.0,1.0
25270,0.363,0.0,0.0,1.0
26270,0.346,0.0,0.0,1.0
27270,0.398,0.0,0.0,1.0
28270,0.387,0.0,0.0,1.0
29270,0.359,0.0,0.0,1.0
30270,0.348,0.0,0.0,1.0
31270,0.347,0.0,0.0,1.0
32270,0.369,0.0,0.0,1.0
33270,0.394,0.0,0.0,1.0
34270,0.355,0.0,0.0,1.0
35270,0.38,0.0,0.0,1.0
36270,0.352,0.0,0.0,1.0
37270,0.357,0.0,0.0,1.0
38270,0.358,0.0,0.0,1.0
39270,0.38,0.0,0.0,1.0
40270,0.371,0.0,0.0,1.0
41270,0.369,0.0,0.0,1.0
42270,0.386,0.0,0.0,1.0
43270,0.354,0.0,0.0,1.0
44270,0.375,0.0,0.0,1.0
45270,0.379,0.0,0.0,1.0
46270,0.352,0.0,0.0,1.0
47270,0.36,0.0,0.0,1.0
48270,0.381,0.0,0.0,1.0
49270,0.358,0.0,0.0,1.0
50270,0.376,0.0,0.0,1.0
51270,0.377,0.0,0.0,1.0
52270,0.341,0.0,0.0,1.0
53270,0.383,0.0,0.0,1.0
54270,0.367,0.0,0.0,1.0
55270,0.331,0.0,0.0,1.0
56270,0.376,0.0,0.0,1.0
57270,0.371,0.0,0.0,1.0
58270,0.377,0.0,0.0,1.0
59270,0.351,0.0,0.0,1.0
60270,0.38,0.0,0.0,1.0
61270,0.376,0.0,0.0,1.0
62270,0.305,0.0,0.0,1.0
63270,0.169,0.0,0.0,1.0
64270,0.146,0.0,0.0,1.0
65270,0.178,0.0,0.0,1.0
66270,0.243,0.0,0.0,1.0
67270,0.235,0.0,0.0,1.0
68270,0.197,0.0,0.0,1.0
69270,0.281,0.0,0.0,1.0
70270,0.198,0.0,0.0,1.0
71270,0.203,0.0,0.0,1.0
72270,0.324,0.0,0.0,1.0
73270,0.297,0.0,0.0,1.0
74270,0.317,0.0,0.0,1.0
75270,0.255,0.0,0.0,1.0
76270,0.318,0.0,0.0,1.0
77270,0.393,0.0,0.0,1.0
78270,0.314,0.0,0.0,1.0
79270,0.42,0.0,0.0,1.0
80270,0.444,0.0,0.0,1.0
81270,0.502,0.0,0.0,1.0
82270,0.455,0.0,0.0,1.0
83270,0.569,0.0,0.0,1.0
84270,0.513,0.0,0.0,1.0
85270,0.601,0.0,0.0,1.0
86270,0.603,0.0,0.0,1.0
87270,0.783,0.0,0.0,1.0
88270,0.948,0.0,0.0,1.0
89270,0.857,0.0,0.0,1.0
90270,0.853,0.0,0.0,1.0
91270,0.809,0.0,0.0,1.0
92270,0.858,0.0,0.0,1.0
93270,0.788,0.0,0.0,1.0
94270,0.606,0.0,0.0,1.0
95270,0.84,0.0,0.0,1.0
96270,0.623,0.0,0.0,1.0
97270,0.459,0.0,0.0,1.0
98270,0.655,0.0,0.0,1.0
99270,0.483,0.0,0.0,1.0
100270,0.643,0.0,0.0,1.0
101270,0.731,0.0,0.0,1.0
102270,0.547,0.0,0.0,1.0
103270,0.79,0.0,0.0,1.0
104270,0.796,0.0,0.0,1.0
105270,0.746,0.0,0.0,1.0
106270,0.373,0.0,0.0,1.0
107270,0.851,0.0,0.0,1.0
108270,0.815,0.0,0.0,1.0
109270,0.453,0.0,0.0,1.0
110270,0.541,0.0,0.0,1.0
111270,0.426,0.0,0.0,1.0
112270,0.48,0.0,0.0,1.0
113270,0.495,0.0,0.0,1.0
114270,0.607,0.0,0.0,1.0
115270,0.423,0.0,0.0,1.0
116270,0.609,0.0,0.0,1.0
117270,0.478,0.0,0.0,1.0
118270,0.45,0.0,0.0,1.0
119270,0.652,0.0,0.0,1.0
120270,0.595,0.0,0.0,1.0
121270,0.564,0.0,0.0,1.0
122270,0.696,0.0,0.0,1.0
123270,0.418,0.0,0.0,1.0
124270,0.611,0.0,0.0,1.0
125270,0.416,0.0,0.0,1.0
126270,0.598,0.0,0.0,1.0
127270,0.682,0.0,0.0,1.0
128270,0.582,0.0,0.0,1.0
129270,0.629,0.0,0.0,1.0
130270,0.312,0.0,0.0,1.0
131270,0.269,0.0,0.0,1.0
132270,0.261,0.0,0.0,1.0
133270,0.257,0.0,0.0,1.0
134270,0.372,0.0,0.0,1.0
135270,0.238,0.0,0.0,1.0
136270,0.2,0.0,0.0,1.0
137270,0.277,0.0,0.0,1.0
138270,0.247,0.0,0.0,1.0
139270,0.205,0.0,0.0,1.0
140270,0.066,0.0,0.0,1.0
141270,0.084,0.0,0.0,1.0
142270,0.055,0.0,0.0,1.0
143270,0.075,0.0,0.0,1.0
144270,0.082,0.0,0.0,1.0
145270,0.113,0.0,0.0,1.0
146270,0.083,0.0,0.0,1.0
147270,0.079,0.0,0.0,1.0
148270,0.094,0.0,0.0,1.0
149270,0.047,0.0,0.0,1.0
150270,0.095,0.0,0.0,1.0
151270,0.064,0.0,0.0,1.0
152270,0.086,0.0,0.0,1.0
153270,0.129,0.0,0.0,1.0
154270,0.173,0.0,0.0,1.0
155270,0.483,0.0,0.0,1.0
156270,0.393,0.0,0.0,1.0
157270,0.352,0.0,0.0,1.0
158270,0.36,0.0,0.0,1.0
159270,0.335,0.0,0.0,1.0
160270,0.344,0.0,0.0,1.0
161270,0.342,0.0,0.0,1.0
162270,0.352,0.0,0.0,1.0
163270,0.331,0.0,0.0,1.0
164270,0.337,0.0,0.0,1.0
165270,0.366,0.0,0.0,1.0
166270,0.329,0.0,0.0,1.0
167270,0.368,0.0,0.0,1.0
168270,0.344,0.0,0.0,1.0
169270,0.333,0.0,0.0,1.0
170270,0.356,0.0,0.0,1.0
171270,0.331,0.0,0.0,1.0
172270,0.345,0.0,0.0,1.0
173270,0.341,0.0,0.0,1.0
174270,0.341,0.0,0.0,1.0
175270,0.331,0.0,0.0,1.0
176270,0.342,0.0,0.0,1.0
177270,0.331,0.0,0.0,1.0
178270,0.334,0.0,0.0,1.0
179270,0.239,0.0,0.0,1.0
180270,0.35,0.0,0.0,1.0
181270,0.319,0.0,0.0,1.0
182270,0.329,0.0,0.0,1.0
183270,0.321,0.0,0.0,1.0
184270,0.342,0.0,0.0,1.0
185270,0.384,0.0,0.0,1.0
186270,0.337,0.0,0.0,1.0
187270,0.336,0.0,0.0,1.0
188270,0.341,0.0,0.0,1.0
189270,0.351,0.0,0.0,1.0
190270,0.303,0.0,0.0,1.0
191270,0.299,0.0,0.0,1.0
192270,0.208,0.0,0.0,1.0
193270,0.258,0.0,0.0,1.0
194270,0.292,0.0,0.0,1.0
195270,0.343,0.0,0.0,1.0
196270,0.3,0.0,0.0,1.0
197270,0.24,0.0,0.0,1.0
198270,0.011,0.0,0.0,1.0
199270,0.007,0.0,0.0,1.0
200270,0.137,0.0,0.0,1.0
201270,0.174,0.0,0.0,1.0
202270,0.295,0.0,0.0,1.0
203270,0.294,0.0,0.0,1.0
204270,0.269,0.0,0.0,1.0
205270,0.344,0.0,0.0,1.0
206270,0.339,0.0,0.0,1.0
207270,0.373,0.0,0.0,1.0
208270,0.191,0.0,0.0,1.0
209270,0.235,0.0,0.0,1.0
210270,0.303,0.0,0.0,1.0
211270,0.283,0.0,0.0,1.0
212270,0.289,0.0,0.0,1.0
213270,0.286,0.0,0.0,1.0
214270,0.22,0.0,0.0,1.0
215270,0.326,0.0,0.0,1.0
216270,0.201,0.0,0.0,1.0
217270,0.288,0.0,0.0,1.0
218270,0.388,0.0,0.0,1.0
219270,0.404,0.0,0.0,1.0
220270,0.369,0.0,0.0,1.0
221270,0.362,0.0,0.0,1.0
222270,0.254,0.0,0.0,1.0
223270,0.362,0.0,0.0,1.0
224270,0.396,0.0,0.0,1.0
225270,0.382,0.0,0.0,1.0
226270,0.399,0.0,0.0,1.0
227270,0.234,0.0,0.0,1.0
228270,0.456,0.0,0.0,1.0
229270,0.491,0.0,0.0,1.0
230270,0.46,0.0,0.0,1.0
231270,0.441,0.0,0.0,1.0
232270,0.247,0.0,0.0,1.0
233270,0.441,0.0,0.0,1.0
234270,0.438,0.0,0.0,1.0
235270,0.462,0.0,0.0,1.0
236270,0.356,0.0,0.0,1.0
237270,0.303,0.0,0.0,1.0
238270,0.427,0.0,0.0,1.0
239270,0.358,0.0,0.0,1.0
240270,0.422,0.0,0.0,1.0
241270,0.429,0.0,0.0,1.0
242270,0.354,0.0,0.0,1.0
243270,0.483,0.0,0.0,1.0
244270,0.458,0.0,0.0,1.0
245270,0.409,0.0,0.0,1.0
246270,0.496,0.0,0.0,1.0
247270,0.342,0.0,0.0,1.0
248270,0.491,0.0,0.0,1.0
249270,0.514,0.0,0.0,1.0
250270,0.444,0.0,0.0,1.0
251270,0.384,0.0,0.0,1.0
252270,0.422,0.0,0.0,1.0
253270,0.416,0.0,0.0,1.0
254270,0.389,0.0,0.0,1.0
255270,0.452,0.0,0.0,1.0
256270,0.275,0.0,0.0,1.0
257270,0.31,0.0,0.0,1.0
258270,0.378,0.0,0.0,1.0
259270,0.265,0.0,0.0,1.0
260270,0.281,0.0,0.0,1.0
261270,0.309,0.0,0.0,1.0
262270,0.255,0.0,0.0,1.0
263270,0.239,0.0,0.0,1.0
264270,0.331,0.0,0.0,1.0
265270,0.306,0.0,0.0,1.0
266270,0.275,0.0,0.0,1.0
267270,0.2968591691995947,0.0,0.0,1.0
